
> @melt-ui/svelte@0.76.2 build /Users/sahan/projects/customer-app5/legacy-vendor/melt-ui
> vite build && npm run package

vite v5.4.19 building SSR bundle for production...
transforming...
Browserslist: browsers data (caniuse-lite) is 8 months old. Please run:
  npx update-browserslist-db@latest
  Why you should do it regularly: https://github.com/browserslist/update-db#readme
The glob option "as" has been deprecated in favour of "query". Please update `as: 'raw'` to `query: '?raw', import: 'default'`.
../../node_modules/.pnpm/@sveltejs+kit@2.46.4_@opentelemetry+api@1.9.0_@sveltejs+vite-plugin-svelte@3.1.2_svelte_a998909336dc34f13042a2b17e634dfd/node_modules/@sveltejs/kit/src/runtime/form-utils.svelte.js (8:23): "untrack" is not exported by "../../node_modules/.pnpm/svelte@4.2.20/node_modules/svelte/src/runtime/ssr.js", imported by "../../node_modules/.pnpm/@sveltejs+kit@2.46.4_@opentelemetry+api@1.9.0_@sveltejs+vite-plugin-svelte@3.1.2_svelte_a998909336dc34f13042a2b17e634dfd/node_modules/@sveltejs/kit/src/runtime/form-utils.svelte.js".
../../node_modules/.pnpm/@sveltejs+kit@2.46.4_@opentelemetry+api@1.9.0_@sveltejs+vite-plugin-svelte@3.1.2_svelte_a998909336dc34f13042a2b17e634dfd/node_modules/@sveltejs/kit/src/runtime/client/client.js (6:23): "untrack" is not exported by "../../node_modules/.pnpm/svelte@4.2.20/node_modules/svelte/src/runtime/ssr.js", imported by "../../node_modules/.pnpm/@sveltejs+kit@2.46.4_@opentelemetry+api@1.9.0_@sveltejs+vite-plugin-svelte@3.1.2_svelte_a998909336dc34f13042a2b17e634dfd/node_modules/@sveltejs/kit/src/runtime/client/client.js".
✓ 1091 modules transformed.
rendering chunks...
vite v5.4.19 building for production...
transforming...
The glob option "as" has been deprecated in favour of "query". Please update `as: 'raw'` to `query: '?raw', import: 'default'`.
../../node_modules/.pnpm/@sveltejs+kit@2.46.4_@opentelemetry+api@1.9.0_@sveltejs+vite-plugin-svelte@3.1.2_svelte_a998909336dc34f13042a2b17e634dfd/node_modules/@sveltejs/kit/src/runtime/client/client.js (5:23): "untrack" is not exported by "../../node_modules/.pnpm/svelte@4.2.20/node_modules/svelte/src/runtime/index.js", imported by "../../node_modules/.pnpm/@sveltejs+kit@2.46.4_@opentelemetry+api@1.9.0_@sveltejs+vite-plugin-svelte@3.1.2_svelte_a998909336dc34f13042a2b17e634dfd/node_modules/@sveltejs/kit/src/runtime/client/client.js".
✓ 1473 modules transformed.
rendering chunks...
computing gzip size...
.svelte-kit/output/client/_app/version.json                                                     0.03 kB │ gzip:  0.05 kB
.svelte-kit/output/client/_app/immutable/assets/inter-vietnamese-100-normal.DUO_Al_4.woff2      4.90 kB
.svelte-kit/output/client/_app/immutable/assets/inter-vietnamese-400-normal.DMkecbls.woff2      4.97 kB
.svelte-kit/output/client/_app/immutable/assets/inter-vietnamese-900-normal.C4P836tE.woff2      5.03 kB
.svelte-kit/output/client/_app/immutable/assets/inter-vietnamese-300-normal.Bdr24Bqb.woff2      5.06 kB
.svelte-kit/output/client/_app/immutable/assets/inter-vietnamese-200-normal.BYvDigGQ.woff2      5.09 kB
.svelte-kit/output/client/_app/immutable/assets/inter-vietnamese-600-normal.Cc8MFFhd.woff2      5.10 kB
.svelte-kit/output/client/_app/immutable/assets/inter-vietnamese-500-normal.DOriooB6.woff2      5.11 kB
.svelte-kit/output/client/_app/immutable/assets/inter-vietnamese-800-normal.Cm7tD1pz.woff2      5.18 kB
.svelte-kit/output/client/_app/immutable/assets/inter-vietnamese-700-normal.CGpBpxLq.woff2      5.20 kB
.svelte-kit/output/client/_app/immutable/assets/inter-greek-ext-400-normal.Bput3-QP.woff2       5.23 kB
.svelte-kit/output/client/_app/immutable/assets/inter-greek-ext-100-normal.Bh_h4cLj.woff2       5.27 kB
.svelte-kit/output/client/_app/immutable/assets/inter-greek-ext-300-normal.Bzbb9qoQ.woff2       5.39 kB
.svelte-kit/output/client/_app/immutable/assets/inter-greek-ext-200-normal.CQm00ywU.woff2       5.39 kB
.svelte-kit/output/client/_app/immutable/assets/inter-greek-ext-500-normal.B6guLgqG.woff2       5.40 kB
.svelte-kit/output/client/_app/immutable/assets/inter-greek-ext-900-normal.gmbm0Gan.woff2       5.40 kB
.svelte-kit/output/client/_app/immutable/assets/inter-greek-ext-700-normal.SzCdnevJ.woff2       5.42 kB
.svelte-kit/output/client/_app/immutable/assets/inter-greek-ext-600-normal.Cnui8OiR.woff2       5.43 kB
.svelte-kit/output/client/_app/immutable/assets/inter-greek-ext-800-normal.JPzvdjtt.woff2       5.46 kB
.svelte-kit/output/client/_app/immutable/assets/inter-vietnamese-100-normal.DhO4y6Q0.woff       6.44 kB
.svelte-kit/output/client/_app/immutable/assets/inter-vietnamese-900-normal.DBSPUrC7.woff       6.46 kB
.svelte-kit/output/client/_app/immutable/assets/inter-vietnamese-400-normal.Bbgyi5SW.woff       6.50 kB
.svelte-kit/output/client/_app/immutable/assets/inter-vietnamese-200-normal.DzDmzEiT.woff       6.57 kB
.svelte-kit/output/client/_app/immutable/assets/inter-vietnamese-300-normal.DDGmYYdT.woff       6.59 kB
.svelte-kit/output/client/_app/immutable/assets/inter-vietnamese-500-normal.mJboJaSs.woff       6.60 kB
.svelte-kit/output/client/_app/immutable/assets/inter-vietnamese-700-normal.DL6eWghQ.woff       6.63 kB
.svelte-kit/output/client/_app/immutable/assets/inter-vietnamese-600-normal.BuLX-rYi.woff       6.64 kB
.svelte-kit/output/client/_app/immutable/assets/inter-vietnamese-800-normal.DDlpr_Ee.woff       6.64 kB
.svelte-kit/output/client/_app/immutable/assets/inter-greek-ext-100-normal.BzNdIgBB.woff        6.97 kB
.svelte-kit/output/client/_app/immutable/assets/inter-greek-ext-400-normal.XIH6-K3k.woff        7.06 kB
.svelte-kit/output/client/_app/immutable/assets/inter-greek-ext-900-normal.t9SXDfLo.woff        7.10 kB
.svelte-kit/output/client/_app/immutable/assets/inter-greek-ext-300-normal.BppC-wMA.woff        7.13 kB
.svelte-kit/output/client/_app/immutable/assets/inter-greek-ext-200-normal.qsbC7g6_.woff        7.15 kB
.svelte-kit/output/client/_app/immutable/assets/inter-greek-ext-500-normal.1SJLBQ3N.woff        7.19 kB
.svelte-kit/output/client/_app/immutable/assets/inter-greek-ext-800-normal.CN1z_jol.woff        7.20 kB
.svelte-kit/output/client/_app/immutable/assets/inter-greek-ext-600-normal.CCFnzSpK.woff        7.21 kB
.svelte-kit/output/client/_app/immutable/assets/inter-greek-ext-700-normal.D0KHSs-V.woff        7.21 kB
.svelte-kit/output/client/_app/immutable/assets/inter-cyrillic-100-normal.CfZ4csEW.woff2        7.61 kB
.svelte-kit/output/client/_app/immutable/assets/inter-cyrillic-400-normal.BLGc9T1a.woff2        7.71 kB
.svelte-kit/output/client/_app/immutable/assets/inter-greek-100-normal.DLBCdKEE.woff2           7.73 kB
.svelte-kit/output/client/_app/immutable/assets/inter-cyrillic-200-normal.DmaD8UT0.woff2        7.77 kB
.svelte-kit/output/client/_app/immutable/assets/inter-cyrillic-900-normal.rsB9enUl.woff2        7.81 kB
.svelte-kit/output/client/_app/immutable/assets/inter-cyrillic-300-normal.DuKDqihX.woff2        7.81 kB
.svelte-kit/output/client/_app/immutable/assets/inter-greek-900-normal.DTZD6r2W.woff2           7.83 kB
.svelte-kit/output/client/_app/immutable/assets/inter-greek-400-normal.DxZsaF_h.woff2           7.84 kB
.svelte-kit/output/client/_app/immutable/assets/inter-greek-300-normal._k6LbL93.woff2           7.87 kB
.svelte-kit/output/client/_app/immutable/assets/inter-greek-200-normal.BmENupgy.woff2           7.90 kB
.svelte-kit/output/client/_app/immutable/assets/inter-cyrillic-500-normal.D4Vwzodn.woff2        7.90 kB
.svelte-kit/output/client/_app/immutable/assets/inter-greek-500-normal.CeQXL5ds.woff2           7.90 kB
.svelte-kit/output/client/_app/immutable/assets/inter-greek-800-normal.C7uvZBs2.woff2           7.93 kB
.svelte-kit/output/client/_app/immutable/assets/inter-greek-700-normal.Cxpycf-U.woff2           7.93 kB
.svelte-kit/output/client/_app/immutable/assets/inter-greek-600-normal.Dhlb-90d.woff2           7.96 kB
.svelte-kit/output/client/_app/immutable/assets/inter-cyrillic-800-normal.Gn5VisWc.woff2        7.96 kB
.svelte-kit/output/client/_app/immutable/assets/inter-cyrillic-600-normal.BGBWG807.woff2        7.97 kB
.svelte-kit/output/client/_app/immutable/assets/inter-cyrillic-700-normal.bGtGjVdZ.woff2        8.00 kB
.svelte-kit/output/client/_app/immutable/assets/inter-cyrillic-100-normal.BbR-76J2.woff         9.63 kB
.svelte-kit/output/client/_app/immutable/assets/inter-cyrillic-400-normal.alAqRL36.woff         9.78 kB
.svelte-kit/output/client/_app/immutable/assets/inter-greek-100-normal.B3Nh0fmk.woff            9.78 kB
.svelte-kit/output/client/_app/immutable/assets/inter-cyrillic-300-normal.DgBQIhyZ.woff         9.81 kB
.svelte-kit/output/client/_app/immutable/assets/inter-cyrillic-900-normal.B9EYNSoK.woff         9.83 kB
.svelte-kit/output/client/_app/immutable/assets/inter-cyrillic-200-normal.7J_GZfs3.woff         9.87 kB
.svelte-kit/output/client/_app/immutable/assets/inter-greek-900-normal.xMeZYaDo.woff            9.90 kB
.svelte-kit/output/client/_app/immutable/assets/inter-cyrillic-700-normal.oWiwobpV.woff         9.91 kB
.svelte-kit/output/client/_app/immutable/assets/inter-cyrillic-ext-100-normal.BOkASA1Q.woff2    9.92 kB
.svelte-kit/output/client/_app/immutable/assets/inter-greek-400-normal.C3I71FoW.woff            9.92 kB
.svelte-kit/output/client/_app/immutable/assets/inter-cyrillic-600-normal.vZ-N8GHY.woff         9.94 kB
.svelte-kit/output/client/_app/immutable/assets/inter-cyrillic-500-normal.BoeW9iIj.woff         9.94 kB
.svelte-kit/output/client/_app/immutable/assets/inter-cyrillic-800-normal.B7tloZ-q.woff         9.94 kB
.svelte-kit/output/client/_app/immutable/assets/inter-greek-800-normal.rjLA_ShQ.woff            9.96 kB
.svelte-kit/output/client/_app/immutable/assets/inter-greek-700-normal.DtGkhywV.woff            9.98 kB
.svelte-kit/output/client/_app/immutable/assets/inter-greek-500-normal.CSBZZ4CI.woff            9.98 kB
.svelte-kit/output/client/_app/immutable/assets/inter-greek-300-normal.BvIEFsLZ.woff            9.99 kB
.svelte-kit/output/client/_app/immutable/assets/inter-greek-200-normal.B_yvH6cf.woff           10.01 kB
.svelte-kit/output/client/_app/immutable/assets/inter-greek-600-normal.BVGIV3oK.woff           10.03 kB
.svelte-kit/output/client/_app/immutable/assets/inter-cyrillic-ext-400-normal.Dc4VJyIJ.woff2   10.22 kB
.svelte-kit/output/client/_app/immutable/assets/inter-cyrillic-ext-900-normal.BduYe0K2.woff2   10.22 kB
.svelte-kit/output/client/_app/immutable/assets/inter-cyrillic-ext-200-normal.B_Dxz9DO.woff2   10.28 kB
.svelte-kit/output/client/_app/immutable/assets/inter-cyrillic-ext-300-normal.B8-SKPy6.woff2   10.34 kB
.svelte-kit/output/client/_app/immutable/assets/inter-cyrillic-ext-800-normal.DkJRRbRv.woff2   10.43 kB
.svelte-kit/output/client/_app/immutable/assets/inter-cyrillic-ext-500-normal.BShVwWPj.woff2   10.44 kB
.svelte-kit/output/client/_app/immutable/assets/inter-cyrillic-ext-600-normal.CaqZN2hq.woff2   10.46 kB
.svelte-kit/output/client/_app/immutable/assets/inter-cyrillic-ext-700-normal.ClVoMEGq.woff2   10.46 kB
.svelte-kit/output/client/_app/immutable/assets/inter-cyrillic-ext-100-normal.Bkblv-9J.woff    12.99 kB
.svelte-kit/output/client/_app/immutable/assets/inter-cyrillic-ext-900-normal.Cq3Igddy.woff    13.22 kB
.svelte-kit/output/client/_app/immutable/assets/inter-cyrillic-ext-400-normal.BE2fNs0E.woff    13.34 kB
.svelte-kit/output/client/_app/immutable/assets/inter-cyrillic-ext-300-normal.BIqOxSS1.woff    13.40 kB
.svelte-kit/output/client/_app/immutable/assets/inter-cyrillic-ext-200-normal.CodIh3HW.woff    13.43 kB
.svelte-kit/output/client/_app/immutable/assets/inter-cyrillic-ext-700-normal.Cg0zx2i8.woff    13.44 kB
.svelte-kit/output/client/_app/immutable/assets/inter-cyrillic-ext-500-normal.NrhEyngK.woff    13.44 kB
.svelte-kit/output/client/_app/immutable/assets/inter-cyrillic-ext-600-normal.t7rHAwBu.woff    13.46 kB
.svelte-kit/output/client/_app/immutable/assets/inter-cyrillic-ext-800-normal.f7wAPxr8.woff    13.47 kB
.svelte-kit/output/client/_app/immutable/assets/inter-latin-100-normal.Cg8nSI4P.woff2          23.39 kB
.svelte-kit/output/client/_app/immutable/assets/inter-latin-400-normal.C38fXH4l.woff2          23.66 kB
.svelte-kit/output/client/_app/immutable/assets/inter-latin-900-normal.D4nM5aha.woff2          23.90 kB
.svelte-kit/output/client/_app/immutable/assets/inter-latin-300-normal.BVlfKGgI.woff2          23.92 kB
.svelte-kit/output/client/_app/immutable/assets/inter-latin-200-normal.CGIQ4gbF.woff2          23.92 kB
.svelte-kit/output/client/_app/immutable/assets/inter-latin-700-normal.Drs_5D37.woff2          24.25 kB
.svelte-kit/output/client/_app/immutable/assets/inter-latin-500-normal.Cerq10X2.woff2          24.27 kB
.svelte-kit/output/client/_app/immutable/assets/inter-latin-800-normal.BYj_oED-.woff2          24.40 kB
.svelte-kit/output/client/_app/immutable/assets/inter-latin-600-normal.LgqL8muc.woff2          24.45 kB
.svelte-kit/output/client/_app/immutable/assets/inter-latin-100-normal.J9XNenR1.woff           30.37 kB
.svelte-kit/output/client/_app/immutable/assets/inter-latin-900-normal.EUCDUbiG.woff           30.68 kB
.svelte-kit/output/client/_app/immutable/assets/inter-latin-400-normal.CyCys3Eg.woff           30.70 kB
.svelte-kit/output/client/_app/immutable/assets/inter-latin-200-normal.fAycq8N-.woff           30.97 kB
.svelte-kit/output/client/_app/immutable/assets/inter-latin-300-normal.i8F0SvXL.woff           31.01 kB
.svelte-kit/output/client/_app/immutable/assets/inter-latin-600-normal.CiBQ2DWP.woff           31.26 kB
.svelte-kit/output/client/_app/immutable/assets/inter-latin-500-normal.BL9OpVg8.woff           31.28 kB
.svelte-kit/output/client/_app/immutable/assets/inter-latin-800-normal.D1mf63XC.woff           31.30 kB
.svelte-kit/output/client/_app/immutable/assets/inter-latin-700-normal.KTwiWvO9.woff           31.30 kB
.svelte-kit/output/client/_app/immutable/assets/inter-latin-ext-100-normal.BDVeoItV.woff2      34.41 kB
.svelte-kit/output/client/_app/immutable/assets/inter-latin-ext-400-normal.C1nco2VV.woff2      35.00 kB
.svelte-kit/output/client/_app/immutable/assets/inter-latin-ext-900-normal.ty8Tfvw5.woff2      35.33 kB
.svelte-kit/output/client/_app/immutable/assets/inter-latin-ext-200-normal.BbLMEfwQ.woff2      35.82 kB
.svelte-kit/output/client/_app/immutable/assets/inter-latin-ext-300-normal.CPgO9Ksf.woff2      35.88 kB
.svelte-kit/output/client/_app/immutable/assets/inter-latin-ext-500-normal.CV4jyFjo.woff2      36.02 kB
.svelte-kit/output/client/_app/immutable/assets/inter-latin-ext-800-normal.DZJjya6U.woff2      36.13 kB
.svelte-kit/output/client/_app/immutable/assets/inter-latin-ext-700-normal.CfWAu3Qq.woff2      36.24 kB
.svelte-kit/output/client/_app/immutable/assets/inter-latin-ext-600-normal.D2bJ5OIk.woff2      36.26 kB
.svelte-kit/output/client/_app/immutable/assets/inter-latin-ext-100-normal.D0H0FrO2.woff       47.16 kB
.svelte-kit/output/client/_app/immutable/assets/inter-latin-ext-400-normal.77YHD8bZ.woff       47.56 kB
.svelte-kit/output/client/_app/immutable/assets/inter-latin-ext-900-normal.DG9wZIMw.woff       47.66 kB
.svelte-kit/output/client/_app/immutable/assets/inter-latin-ext-500-normal.BxGbmqWO.woff       48.49 kB
.svelte-kit/output/client/_app/immutable/assets/inter-latin-ext-800-normal.BOMpwxm3.woff       48.59 kB
.svelte-kit/output/client/_app/immutable/assets/inter-latin-ext-300-normal.Dp1L8vcn.woff       48.61 kB
.svelte-kit/output/client/_app/immutable/assets/inter-latin-ext-700-normal.Z3s-4e5M.woff       48.63 kB
.svelte-kit/output/client/_app/immutable/assets/inter-latin-ext-200-normal.BZvdQwkN.woff       48.63 kB
.svelte-kit/output/client/_app/immutable/assets/inter-latin-ext-600-normal.CIVaiw4L.woff       48.67 kB
.svelte-kit/output/client/.vite/manifest.json                                                 194.92 kB │ gzip: 13.95 kB
.svelte-kit/output/client/_app/immutable/assets/tree.CHvbMCp_.css                               0.05 kB │ gzip:  0.07 kB
.svelte-kit/output/client/_app/immutable/assets/index.CcvEUbos.css                              0.07 kB │ gzip:  0.08 kB
.svelte-kit/output/client/_app/immutable/assets/index.kdE9C81U.css                              0.08 kB │ gzip:  0.10 kB
.svelte-kit/output/client/_app/immutable/assets/index.DbHmEaY2.css                              0.09 kB │ gzip:  0.10 kB
.svelte-kit/output/client/_app/immutable/assets/index.CPT1xvKK.css                              0.09 kB │ gzip:  0.10 kB
.svelte-kit/output/client/_app/immutable/assets/MonthSelect.Cu6b3FpA.css                        0.14 kB │ gzip:  0.14 kB
.svelte-kit/output/client/_app/immutable/assets/index.CJC0GT05.css                              0.17 kB │ gzip:  0.15 kB
.svelte-kit/output/client/_app/immutable/assets/index.CXgHIOTe.css                              0.29 kB │ gzip:  0.17 kB
.svelte-kit/output/client/_app/immutable/assets/index.Q4ufXp9m.css                              0.37 kB │ gzip:  0.22 kB
.svelte-kit/output/client/_app/immutable/assets/index.Dw1D2BLR.css                              0.52 kB │ gzip:  0.25 kB
.svelte-kit/output/client/_app/immutable/assets/index.DZQaK2qu.css                              0.53 kB │ gzip:  0.26 kB
.svelte-kit/output/client/_app/immutable/assets/index.U8LcSUs7.css                              0.59 kB │ gzip:  0.29 kB
.svelte-kit/output/client/_app/immutable/assets/index.CQB0PNCl.css                              0.66 kB │ gzip:  0.33 kB
.svelte-kit/output/client/_app/immutable/assets/index.CGbK_IwG.css                              0.79 kB │ gzip:  0.31 kB
.svelte-kit/output/client/_app/immutable/assets/index.c_l8sf9G.css                              0.95 kB │ gzip:  0.35 kB
.svelte-kit/output/client/_app/immutable/assets/index.BV3V0nN0.css                              1.06 kB │ gzip:  0.44 kB
.svelte-kit/output/client/_app/immutable/assets/index.WdpzZmHn.css                              1.09 kB │ gzip:  0.44 kB
.svelte-kit/output/client/_app/immutable/assets/index.DDOI2eC_.css                              1.19 kB │ gzip:  0.38 kB
.svelte-kit/output/client/_app/immutable/assets/index.Uc7i1aSv.css                              1.21 kB │ gzip:  0.41 kB
.svelte-kit/output/client/_app/immutable/assets/index.Bg5uYKIq.css                              1.22 kB │ gzip:  0.39 kB
.svelte-kit/output/client/_app/immutable/assets/DateField.KpPjONUy.css                          1.27 kB │ gzip:  0.43 kB
.svelte-kit/output/client/_app/immutable/assets/index.VvG28Dyc.css                              1.28 kB │ gzip:  0.46 kB
.svelte-kit/output/client/_app/immutable/assets/index.g2HA7sjP.css                              1.30 kB │ gzip:  0.44 kB
.svelte-kit/output/client/_app/immutable/assets/DateRangeField.DGyP1yF7.css                     1.42 kB │ gzip:  0.43 kB
.svelte-kit/output/client/_app/immutable/assets/index.ClZmxJ1A.css                              1.44 kB │ gzip:  0.44 kB
.svelte-kit/output/client/_app/immutable/assets/index.v7bWDihn.css                              1.44 kB │ gzip:  0.45 kB
.svelte-kit/output/client/_app/immutable/assets/index.NYYO1yf-.css                              1.48 kB │ gzip:  0.47 kB
.svelte-kit/output/client/_app/immutable/assets/index.Ck-SHz1o.css                              1.49 kB │ gzip:  0.45 kB
.svelte-kit/output/client/_app/immutable/assets/index.DOqVx-n7.css                              1.56 kB │ gzip:  0.56 kB
.svelte-kit/output/client/_app/immutable/assets/index.BgnhcYYu.css                              1.56 kB │ gzip:  0.56 kB
.svelte-kit/output/client/_app/immutable/assets/index.oxuKf78k.css                              1.56 kB │ gzip:  0.56 kB
.svelte-kit/output/client/_app/immutable/assets/index.DymqMkUP.css                              1.62 kB │ gzip:  0.52 kB
.svelte-kit/output/client/_app/immutable/assets/index.CMa1_-oM.css                              1.76 kB │ gzip:  0.55 kB
.svelte-kit/output/client/_app/immutable/assets/index.C38VqjFE.css                              1.83 kB │ gzip:  0.67 kB
.svelte-kit/output/client/_app/immutable/assets/index.CSrPjNpe.css                              2.16 kB │ gzip:  0.66 kB
.svelte-kit/output/client/_app/immutable/assets/index.Cbe0h4UO.css                              2.22 kB │ gzip:  0.63 kB
.svelte-kit/output/client/_app/immutable/assets/index.Dqjs4PUF.css                              2.25 kB │ gzip:  0.49 kB
.svelte-kit/output/client/_app/immutable/assets/index.DDwacxTb.css                              2.52 kB │ gzip:  0.69 kB
.svelte-kit/output/client/_app/immutable/assets/index.B4TEjzhX.css                              2.67 kB │ gzip:  0.71 kB
.svelte-kit/output/client/_app/immutable/assets/index.-2QmaqR1.css                              2.84 kB │ gzip:  0.75 kB
.svelte-kit/output/client/_app/immutable/assets/index.DpQ6PCJu.css                              3.33 kB │ gzip:  0.64 kB
.svelte-kit/output/client/_app/immutable/assets/index.BwyTh9Ec.css                              3.65 kB │ gzip:  0.80 kB
.svelte-kit/output/client/_app/immutable/assets/index.DcTm7b-g.css                              3.67 kB │ gzip:  0.76 kB
.svelte-kit/output/client/_app/immutable/assets/index.vnhlv0mH.css                              3.89 kB │ gzip:  0.92 kB
.svelte-kit/output/client/_app/immutable/assets/index.Cf_kNRXD.css                              3.90 kB │ gzip:  0.83 kB
.svelte-kit/output/client/_app/immutable/assets/index.BIGCbuKb.css                              3.93 kB │ gzip:  0.92 kB
.svelte-kit/output/client/_app/immutable/assets/index.DA0yULK_.css                              3.93 kB │ gzip:  0.92 kB
.svelte-kit/output/client/_app/immutable/assets/index.BY7meimj.css                              3.99 kB │ gzip:  0.76 kB
.svelte-kit/output/client/_app/immutable/assets/index.Y4-Mw8CN.css                              3.99 kB │ gzip:  0.76 kB
.svelte-kit/output/client/_app/immutable/assets/index.JVAa48nk.css                              4.01 kB │ gzip:  0.89 kB
.svelte-kit/output/client/_app/immutable/assets/index.Cr4fTbv_.css                              4.01 kB │ gzip:  0.87 kB
.svelte-kit/output/client/_app/immutable/assets/index.D9sOY0Dg.css                              4.01 kB │ gzip:  0.88 kB
.svelte-kit/output/client/_app/immutable/assets/index.Bba-Xxar.css                              4.28 kB │ gzip:  1.00 kB
.svelte-kit/output/client/_app/immutable/assets/index.BZOgfIp-.css                              4.77 kB │ gzip:  1.03 kB
.svelte-kit/output/client/_app/immutable/assets/index.pzN2IALK.css                              5.94 kB │ gzip:  1.08 kB
.svelte-kit/output/client/_app/immutable/assets/index.BxHZt5FS.css                              6.01 kB │ gzip:  1.09 kB
.svelte-kit/output/client/_app/immutable/assets/index.Dx7J5xmV.css                              6.03 kB │ gzip:  1.09 kB
.svelte-kit/output/client/_app/immutable/assets/index.CFyfz1jo.css                              6.27 kB │ gzip:  1.14 kB
.svelte-kit/output/client/_app/immutable/assets/index.CGslpMNq.css                              6.27 kB │ gzip:  1.14 kB
.svelte-kit/output/client/_app/immutable/assets/index.kJQVPeFu.css                              6.31 kB │ gzip:  1.12 kB
.svelte-kit/output/client/_app/immutable/assets/index.ClDQuVA8.css                              6.42 kB │ gzip:  1.16 kB
.svelte-kit/output/client/_app/immutable/assets/4.DBKI4_3t.css                                  6.62 kB │ gzip:  1.19 kB
.svelte-kit/output/client/_app/immutable/assets/index.CkA8axPs.css                              6.80 kB │ gzip:  1.21 kB
.svelte-kit/output/client/_app/immutable/assets/index.B6_d4mND.css                              7.05 kB │ gzip:  1.21 kB
.svelte-kit/output/client/_app/immutable/assets/contributor.NmrHZxb5.css                        7.62 kB │ gzip:  1.90 kB
.svelte-kit/output/client/_app/immutable/assets/index.DcKZc7fK.css                             10.69 kB │ gzip:  1.29 kB
.svelte-kit/output/client/_app/immutable/assets/0.Bs4DD0Gp.css                                 91.37 kB │ gzip: 13.70 kB
.svelte-kit/output/client/_app/immutable/entry/start.Bpt9GTc4.js                                0.08 kB │ gzip:  0.09 kB
.svelte-kit/output/client/_app/immutable/chunks/IHki7fMi.js                                     0.09 kB │ gzip:  0.09 kB
.svelte-kit/output/client/_app/immutable/chunks/2WNLRJku.js                                     0.09 kB │ gzip:  0.11 kB
.svelte-kit/output/client/_app/immutable/chunks/D5mVFuQK.js                                     0.12 kB │ gzip:  0.12 kB
.svelte-kit/output/client/_app/immutable/chunks/HV1PqdeJ.js                                     0.16 kB │ gzip:  0.14 kB
.svelte-kit/output/client/_app/immutable/chunks/B17Q6ahh.js                                     0.18 kB │ gzip:  0.16 kB
.svelte-kit/output/client/_app/immutable/nodes/5.DQRH4kJd.js                                    0.21 kB │ gzip:  0.20 kB
.svelte-kit/output/client/_app/immutable/nodes/7.BOJiWOrE.js                                    0.21 kB │ gzip:  0.20 kB
.svelte-kit/output/client/_app/immutable/nodes/9.BMXTtlAv.js                                    0.24 kB │ gzip:  0.22 kB
.svelte-kit/output/client/_app/immutable/chunks/C-IEVta8.js                                     0.31 kB │ gzip:  0.24 kB
.svelte-kit/output/client/_app/immutable/chunks/CYgJF_JY.js                                     0.34 kB │ gzip:  0.21 kB
.svelte-kit/output/client/_app/immutable/chunks/DUl1p1cj.js                                     0.42 kB │ gzip:  0.30 kB
.svelte-kit/output/client/_app/immutable/chunks/DRnFF5vU.js                                     0.56 kB │ gzip:  0.37 kB
.svelte-kit/output/client/_app/immutable/nodes/3.CISr6Ycs.js                                    0.57 kB │ gzip:  0.38 kB
.svelte-kit/output/client/_app/immutable/chunks/C0JOwjRl.js                                     0.73 kB │ gzip:  0.48 kB
.svelte-kit/output/client/_app/immutable/chunks/B0bgVbS7.js                                     0.87 kB │ gzip:  0.51 kB
.svelte-kit/output/client/_app/immutable/chunks/jWqJZtW-.js                                     0.88 kB │ gzip:  0.52 kB
.svelte-kit/output/client/_app/immutable/chunks/ClJpF9d7.js                                     0.89 kB │ gzip:  0.53 kB
.svelte-kit/output/client/_app/immutable/chunks/D9SRfYm1.js                                     0.91 kB │ gzip:  0.54 kB
.svelte-kit/output/client/_app/immutable/chunks/BpvTJqbn.js                                     0.91 kB │ gzip:  0.49 kB
.svelte-kit/output/client/_app/immutable/chunks/B411Bn9F.js                                     0.92 kB │ gzip:  0.54 kB
.svelte-kit/output/client/_app/immutable/chunks/BDa_FhBD.js                                     0.98 kB │ gzip:  0.60 kB
.svelte-kit/output/client/_app/immutable/chunks/DEKSB0SC.js                                     1.08 kB │ gzip:  0.53 kB
.svelte-kit/output/client/_app/immutable/chunks/OtnlxosC.js                                     1.13 kB │ gzip:  0.67 kB
.svelte-kit/output/client/_app/immutable/chunks/C1FmrZbK.js                                     1.14 kB │ gzip:  0.68 kB
.svelte-kit/output/client/_app/immutable/chunks/jGmjzX30.js                                     1.14 kB │ gzip:  0.69 kB
.svelte-kit/output/client/_app/immutable/chunks/D8aCbp00.js                                     1.18 kB │ gzip:  0.71 kB
.svelte-kit/output/client/_app/immutable/chunks/BKSYhIrc.js                                     1.19 kB │ gzip:  0.70 kB
.svelte-kit/output/client/_app/immutable/chunks/BXejBKbs.js                                     1.19 kB │ gzip:  0.71 kB
.svelte-kit/output/client/_app/immutable/chunks/DsWM5zC-.js                                     1.19 kB │ gzip:  0.70 kB
.svelte-kit/output/client/_app/immutable/chunks/DDv25C2c.js                                     1.20 kB │ gzip:  0.70 kB
.svelte-kit/output/client/_app/immutable/chunks/BLKNK_Ug.js                                     1.20 kB │ gzip:  0.70 kB
.svelte-kit/output/client/_app/immutable/chunks/lrKkfsuA.js                                     1.20 kB │ gzip:  0.72 kB
.svelte-kit/output/client/_app/immutable/chunks/SsVTw2v2.js                                     1.26 kB │ gzip:  0.60 kB
.svelte-kit/output/client/_app/immutable/chunks/Dr9qjRCa.js                                     1.27 kB │ gzip:  0.74 kB
.svelte-kit/output/client/_app/immutable/chunks/D7YRYfgX.js                                     1.28 kB │ gzip:  0.73 kB
.svelte-kit/output/client/_app/immutable/chunks/CX3nLR43.js                                     1.28 kB │ gzip:  0.75 kB
.svelte-kit/output/client/_app/immutable/chunks/RaeaYy-7.js                                     1.28 kB │ gzip:  0.76 kB
.svelte-kit/output/client/_app/immutable/chunks/BoqybJ7_.js                                     1.29 kB │ gzip:  0.75 kB
.svelte-kit/output/client/_app/immutable/chunks/BepyQcEl.js                                     1.34 kB │ gzip:  0.81 kB
.svelte-kit/output/client/_app/immutable/chunks/DSHfP7fM.js                                     1.39 kB │ gzip:  0.81 kB
.svelte-kit/output/client/_app/immutable/chunks/DM2BGAyp.js                                     1.45 kB │ gzip:  0.84 kB
.svelte-kit/output/client/_app/immutable/chunks/C1bYJ55b.js                                     1.49 kB │ gzip:  0.87 kB
.svelte-kit/output/client/_app/immutable/chunks/fBwctlIE.js                                     1.61 kB │ gzip:  0.86 kB
.svelte-kit/output/client/_app/immutable/chunks/-MQPHU0W.js                                     1.65 kB │ gzip:  0.84 kB
.svelte-kit/output/client/_app/immutable/chunks/BvKjKYCw.js                                     1.66 kB │ gzip:  0.85 kB
.svelte-kit/output/client/_app/immutable/chunks/DcgHw418.js                                     1.68 kB │ gzip:  0.85 kB
.svelte-kit/output/client/_app/immutable/chunks/CVvWZQOp.js                                     1.69 kB │ gzip:  0.87 kB
.svelte-kit/output/client/_app/immutable/chunks/B_pXIOCm.js                                     1.76 kB │ gzip:  0.89 kB
.svelte-kit/output/client/_app/immutable/chunks/CadP1qct.js                                     1.82 kB │ gzip:  0.96 kB
.svelte-kit/output/client/_app/immutable/nodes/1.CHcYIJW1.js                                    1.89 kB │ gzip:  1.03 kB
.svelte-kit/output/client/_app/immutable/chunks/DMLmS6j0.js                                     1.93 kB │ gzip:  0.74 kB
.svelte-kit/output/client/_app/immutable/chunks/B5H9zyQV.js                                     2.03 kB │ gzip:  1.12 kB
.svelte-kit/output/client/_app/immutable/chunks/CFvTwr6a.js                                     2.05 kB │ gzip:  1.03 kB
.svelte-kit/output/client/_app/immutable/chunks/Cr_5t0qA.js                                     2.08 kB │ gzip:  0.94 kB
.svelte-kit/output/client/_app/immutable/chunks/DM7Ur0Vv.js                                     2.09 kB │ gzip:  1.05 kB
.svelte-kit/output/client/_app/immutable/chunks/fZPph57w.js                                     2.11 kB │ gzip:  1.07 kB
.svelte-kit/output/client/_app/immutable/chunks/D_xf1xVk.js                                     2.13 kB │ gzip:  1.04 kB
.svelte-kit/output/client/_app/immutable/chunks/CaOFQHbg.js                                     2.17 kB │ gzip:  1.05 kB
.svelte-kit/output/client/_app/immutable/chunks/BJgVZbhV.js                                     2.26 kB │ gzip:  1.19 kB
.svelte-kit/output/client/_app/immutable/chunks/DVyjW-IW.js                                     2.31 kB │ gzip:  1.19 kB
.svelte-kit/output/client/_app/immutable/chunks/DCXXUtH_.js                                     2.31 kB │ gzip:  1.20 kB
.svelte-kit/output/client/_app/immutable/chunks/DgHXYOep.js                                     2.34 kB │ gzip:  1.18 kB
.svelte-kit/output/client/_app/immutable/chunks/BXhfjull.js                                     2.37 kB │ gzip:  1.08 kB
.svelte-kit/output/client/_app/immutable/chunks/C7jIxmMl.js                                     2.38 kB │ gzip:  1.20 kB
.svelte-kit/output/client/_app/immutable/chunks/Cj871gVg.js                                     2.41 kB │ gzip:  1.29 kB
.svelte-kit/output/client/_app/immutable/chunks/BNVFLEum.js                                     2.42 kB │ gzip:  1.21 kB
.svelte-kit/output/client/_app/immutable/chunks/BXEB9Mzo.js                                     2.43 kB │ gzip:  1.21 kB
.svelte-kit/output/client/_app/immutable/chunks/B82YqK4n.js                                     2.46 kB │ gzip:  1.20 kB
.svelte-kit/output/client/_app/immutable/chunks/oI-tq4y0.js                                     2.53 kB │ gzip:  1.25 kB
.svelte-kit/output/client/_app/immutable/chunks/DPIWO1wM.js                                     2.57 kB │ gzip:  1.23 kB
.svelte-kit/output/client/_app/immutable/chunks/BW8Q9mPd.js                                     2.61 kB │ gzip:  1.21 kB
.svelte-kit/output/client/_app/immutable/chunks/BXJkG-a1.js                                     2.62 kB │ gzip:  1.10 kB
.svelte-kit/output/client/_app/immutable/chunks/ylHtASeO.js                                     2.65 kB │ gzip:  1.45 kB
.svelte-kit/output/client/_app/immutable/chunks/CUMEXp1q.js                                     2.65 kB │ gzip:  1.30 kB
.svelte-kit/output/client/_app/immutable/chunks/BYkR-xjC.js                                     2.67 kB │ gzip:  1.35 kB
.svelte-kit/output/client/_app/immutable/chunks/BpKT7YLz.js                                     2.74 kB │ gzip:  1.33 kB
.svelte-kit/output/client/_app/immutable/chunks/Buu3dWEE.js                                     2.77 kB │ gzip:  1.38 kB
.svelte-kit/output/client/_app/immutable/chunks/RP6a3Goc.js                                     2.80 kB │ gzip:  1.30 kB
.svelte-kit/output/client/_app/immutable/chunks/DUuyCPzj.js                                     2.82 kB │ gzip:  1.15 kB
.svelte-kit/output/client/_app/immutable/chunks/Dr7PGx0v.js                                     2.82 kB │ gzip:  1.42 kB
.svelte-kit/output/client/_app/immutable/chunks/X-lJGc48.js                                     2.83 kB │ gzip:  1.41 kB
.svelte-kit/output/client/_app/immutable/chunks/D82HFWI9.js                                     2.87 kB │ gzip:  1.43 kB
.svelte-kit/output/client/_app/immutable/chunks/BQoSv7ci.js                                     2.92 kB │ gzip:  0.81 kB
.svelte-kit/output/client/_app/immutable/chunks/ZZNtB9F7.js                                     2.99 kB │ gzip:  1.46 kB
.svelte-kit/output/client/_app/immutable/chunks/BDlAfppm.js                                     3.10 kB │ gzip:  1.46 kB
.svelte-kit/output/client/_app/immutable/chunks/B8nXQbzW.js                                     3.13 kB │ gzip:  1.60 kB
.svelte-kit/output/client/_app/immutable/chunks/B9bIUHoJ.js                                     3.13 kB │ gzip:  1.54 kB
.svelte-kit/output/client/_app/immutable/chunks/Ce2M2MUH.js                                     3.15 kB │ gzip:  1.24 kB
.svelte-kit/output/client/_app/immutable/chunks/DOMWH4PO.js                                     3.17 kB │ gzip:  1.55 kB
.svelte-kit/output/client/_app/immutable/chunks/BfvUSlzA.js                                     3.18 kB │ gzip:  1.57 kB
.svelte-kit/output/client/_app/immutable/chunks/cfDcfbWk.js                                     3.18 kB │ gzip:  1.53 kB
.svelte-kit/output/client/_app/immutable/chunks/Di7IbGRp.js                                     3.19 kB │ gzip:  1.58 kB
.svelte-kit/output/client/_app/immutable/chunks/DXhFmZ3M.js                                     3.19 kB │ gzip:  1.57 kB
.svelte-kit/output/client/_app/immutable/chunks/BHRYVf4N.js                                     3.24 kB │ gzip:  1.56 kB
.svelte-kit/output/client/_app/immutable/chunks/Dthw7-K5.js                                     3.28 kB │ gzip:  1.37 kB
.svelte-kit/output/client/_app/immutable/chunks/DeSDDino.js                                     3.36 kB │ gzip:  1.30 kB
.svelte-kit/output/client/_app/immutable/chunks/DNSHMNLl.js                                     3.37 kB │ gzip:  0.85 kB
.svelte-kit/output/client/_app/immutable/chunks/XxqJBFVe.js                                     3.38 kB │ gzip:  1.60 kB
.svelte-kit/output/client/_app/immutable/chunks/DrYySXuM.js                                     3.45 kB │ gzip:  1.64 kB
.svelte-kit/output/client/_app/immutable/chunks/FfeEbgtQ.js                                     3.53 kB │ gzip:  1.70 kB
.svelte-kit/output/client/_app/immutable/chunks/B0dO8gva.js                                     3.54 kB │ gzip:  1.66 kB
.svelte-kit/output/client/_app/immutable/chunks/BwLiOP34.js                                     3.55 kB │ gzip:  1.58 kB
.svelte-kit/output/client/_app/immutable/chunks/Bv-LY5JH.js                                     3.64 kB │ gzip:  1.45 kB
.svelte-kit/output/client/_app/immutable/chunks/C-Gt6wjU.js                                     3.65 kB │ gzip:  1.66 kB
.svelte-kit/output/client/_app/immutable/chunks/CXO0qpOC.js                                     3.66 kB │ gzip:  1.60 kB
.svelte-kit/output/client/_app/immutable/chunks/D1MgHoDN.js                                     3.66 kB │ gzip:  1.67 kB
.svelte-kit/output/client/_app/immutable/chunks/B_sYGElt.js                                     3.67 kB │ gzip:  1.51 kB
.svelte-kit/output/client/_app/immutable/chunks/C_RfWhT4.js                                     3.67 kB │ gzip:  1.37 kB
.svelte-kit/output/client/_app/immutable/chunks/LK0GOKRK.js                                     3.68 kB │ gzip:  1.52 kB
.svelte-kit/output/client/_app/immutable/chunks/Cv7sZrcf.js                                     3.68 kB │ gzip:  1.52 kB
.svelte-kit/output/client/_app/immutable/chunks/BVFgjAUn.js                                     3.68 kB │ gzip:  1.68 kB
.svelte-kit/output/client/_app/immutable/chunks/VsbpAZ5k.js                                     3.75 kB │ gzip:  1.55 kB
.svelte-kit/output/client/_app/immutable/chunks/PRPLmDCk.js                                     3.75 kB │ gzip:  1.55 kB
.svelte-kit/output/client/_app/immutable/chunks/CzNsLu2_.js                                     3.75 kB │ gzip:  1.55 kB
.svelte-kit/output/client/_app/immutable/chunks/t-WFMnrY.js                                     3.80 kB │ gzip:  1.57 kB
.svelte-kit/output/client/_app/immutable/chunks/D8NmLqma.js                                     3.83 kB │ gzip:  1.57 kB
.svelte-kit/output/client/_app/immutable/chunks/Dm5MWYBR.js                                     3.87 kB │ gzip:  1.81 kB
.svelte-kit/output/client/_app/immutable/nodes/6.CdfG3M81.js                                    3.92 kB │ gzip:  1.92 kB
.svelte-kit/output/client/_app/immutable/chunks/DFZBB0DA.js                                     3.99 kB │ gzip:  1.90 kB
.svelte-kit/output/client/_app/immutable/chunks/CGl7Coeh.js                                     4.02 kB │ gzip:  1.86 kB
.svelte-kit/output/client/_app/immutable/chunks/1SUlXOtP.js                                     4.02 kB │ gzip:  1.87 kB
.svelte-kit/output/client/_app/immutable/chunks/D1Iv4Is5.js                                     4.02 kB │ gzip:  1.86 kB
.svelte-kit/output/client/_app/immutable/chunks/JgFLsHGh.js                                     4.02 kB │ gzip:  1.66 kB
.svelte-kit/output/client/_app/immutable/chunks/VBW5lEsM.js                                     4.05 kB │ gzip:  1.86 kB
.svelte-kit/output/client/_app/immutable/chunks/DmdHQndD.js                                     4.12 kB │ gzip:  1.56 kB
.svelte-kit/output/client/_app/immutable/chunks/Buhkafg7.js                                     4.13 kB │ gzip:  1.85 kB
.svelte-kit/output/client/_app/immutable/chunks/BJo0YQBg.js                                     4.16 kB │ gzip:  1.59 kB
.svelte-kit/output/client/_app/immutable/chunks/ByF2AHih.js                                     4.17 kB │ gzip:  1.72 kB
.svelte-kit/output/client/_app/immutable/chunks/BQcyJomY.js                                     4.18 kB │ gzip:  1.70 kB
.svelte-kit/output/client/_app/immutable/chunks/Xq8_paVw.js                                     4.25 kB │ gzip:  1.98 kB
.svelte-kit/output/client/_app/immutable/chunks/Cd_MpUi_.js                                     4.29 kB │ gzip:  2.01 kB
.svelte-kit/output/client/_app/immutable/chunks/ZbjM89w5.js                                     4.30 kB │ gzip:  2.01 kB
.svelte-kit/output/client/_app/immutable/chunks/CvuevVrU.js                                     4.40 kB │ gzip:  1.80 kB
.svelte-kit/output/client/_app/immutable/chunks/DuTyvUf0.js                                     4.43 kB │ gzip:  2.06 kB
.svelte-kit/output/client/_app/immutable/chunks/CIAWJ6_p.js                                     4.45 kB │ gzip:  1.92 kB
.svelte-kit/output/client/_app/immutable/chunks/Df5e1Cel.js                                     4.46 kB │ gzip:  1.92 kB
.svelte-kit/output/client/_app/immutable/chunks/C7_V-adg.js                                     4.54 kB │ gzip:  1.65 kB
.svelte-kit/output/client/_app/immutable/chunks/CbDqG-1v.js                                     4.66 kB │ gzip:  2.17 kB
.svelte-kit/output/client/_app/immutable/chunks/LBrhIpuQ.js                                     4.72 kB │ gzip:  2.03 kB
.svelte-kit/output/client/_app/immutable/chunks/BiXTj-EQ.js                                     4.85 kB │ gzip:  1.95 kB
.svelte-kit/output/client/_app/immutable/chunks/COeBG0ax.js                                     4.92 kB │ gzip:  2.00 kB
.svelte-kit/output/client/_app/immutable/chunks/DVTYM2QE.js                                     4.95 kB │ gzip:  2.16 kB
.svelte-kit/output/client/_app/immutable/chunks/BdABNMlf.js                                     5.03 kB │ gzip:  2.37 kB
.svelte-kit/output/client/_app/immutable/chunks/ZeDiWnqL.js                                     5.03 kB │ gzip:  1.77 kB
.svelte-kit/output/client/_app/immutable/chunks/DciqzEcd.js                                     5.06 kB │ gzip:  2.39 kB
.svelte-kit/output/client/_app/immutable/chunks/CM1dwPMB.js                                     5.11 kB │ gzip:  1.82 kB
.svelte-kit/output/client/_app/immutable/chunks/CfC5bbSO.js                                     5.18 kB │ gzip:  2.06 kB
.svelte-kit/output/client/_app/immutable/chunks/DBZWseyQ.js                                     5.23 kB │ gzip:  2.34 kB
.svelte-kit/output/client/_app/immutable/chunks/B8wt3NRl.js                                     5.24 kB │ gzip:  2.31 kB
.svelte-kit/output/client/_app/immutable/chunks/DjC7gIAd.js                                     5.24 kB │ gzip:  2.04 kB
.svelte-kit/output/client/_app/immutable/chunks/Bmm1Ebn5.js                                     5.42 kB │ gzip:  2.17 kB
.svelte-kit/output/client/_app/immutable/chunks/CXzPAQao.js                                     5.46 kB │ gzip:  2.21 kB
.svelte-kit/output/client/_app/immutable/chunks/DI4hAtIA.js                                     5.62 kB │ gzip:  2.25 kB
.svelte-kit/output/client/_app/immutable/chunks/5rhAh3QU.js                                     5.63 kB │ gzip:  1.92 kB
.svelte-kit/output/client/_app/immutable/nodes/2.H7ohwW0q.js                                    5.65 kB │ gzip:  2.53 kB
.svelte-kit/output/client/_app/immutable/chunks/D0Je73bo.js                                     5.75 kB │ gzip:  2.44 kB
.svelte-kit/output/client/_app/immutable/chunks/Ch4Jm4hp.js                                     5.95 kB │ gzip:  2.26 kB
.svelte-kit/output/client/_app/immutable/chunks/Cm-Rsoqu.js                                     6.16 kB │ gzip:  1.97 kB
.svelte-kit/output/client/_app/immutable/chunks/CdBEr729.js                                     6.26 kB │ gzip:  2.50 kB
.svelte-kit/output/client/_app/immutable/chunks/BBcJQkbE.js                                     6.27 kB │ gzip:  2.51 kB
.svelte-kit/output/client/_app/immutable/chunks/C8cXnfa1.js                                     6.29 kB │ gzip:  2.52 kB
.svelte-kit/output/client/_app/immutable/chunks/CqBU2rQy.js                                     6.29 kB │ gzip:  2.52 kB
.svelte-kit/output/client/_app/immutable/chunks/C91mSFyB.js                                     6.29 kB │ gzip:  2.53 kB
.svelte-kit/output/client/_app/immutable/chunks/Cmki427R.js                                     6.30 kB │ gzip:  2.51 kB
.svelte-kit/output/client/_app/immutable/chunks/DwD9kT2g.js                                     6.30 kB │ gzip:  2.52 kB
.svelte-kit/output/client/_app/immutable/chunks/DPUOX4n6.js                                     6.31 kB │ gzip:  2.54 kB
.svelte-kit/output/client/_app/immutable/chunks/hPbUmT1t.js                                     6.31 kB │ gzip:  2.53 kB
.svelte-kit/output/client/_app/immutable/chunks/CK2tP_3V.js                                     6.32 kB │ gzip:  2.53 kB
.svelte-kit/output/client/_app/immutable/chunks/DtMEO0kt.js                                     6.33 kB │ gzip:  2.53 kB
.svelte-kit/output/client/_app/immutable/chunks/7Ac2J0jZ.js                                     6.33 kB │ gzip:  2.54 kB
.svelte-kit/output/client/_app/immutable/chunks/CdIVDZuE.js                                     6.33 kB │ gzip:  2.54 kB
.svelte-kit/output/client/_app/immutable/chunks/Czlaq3RZ.js                                     6.34 kB │ gzip:  2.54 kB
.svelte-kit/output/client/_app/immutable/chunks/BqOSq6Sg.js                                     6.34 kB │ gzip:  2.54 kB
.svelte-kit/output/client/_app/immutable/chunks/CCv_ubW-.js                                     6.34 kB │ gzip:  2.53 kB
.svelte-kit/output/client/_app/immutable/chunks/BxMObHXO.js                                     6.34 kB │ gzip:  2.54 kB
.svelte-kit/output/client/_app/immutable/chunks/BnuWG1K2.js                                     6.35 kB │ gzip:  2.54 kB
.svelte-kit/output/client/_app/immutable/chunks/OHnYOfaF.js                                     6.36 kB │ gzip:  2.54 kB
.svelte-kit/output/client/_app/immutable/chunks/BtAU0BXV.js                                     6.38 kB │ gzip:  2.57 kB
.svelte-kit/output/client/_app/immutable/chunks/OPbWrXxK.js                                     6.40 kB │ gzip:  2.57 kB
.svelte-kit/output/client/_app/immutable/chunks/BigCnxtS.js                                     6.42 kB │ gzip:  2.60 kB
.svelte-kit/output/client/_app/immutable/chunks/ZuYKP6Mh.js                                     6.48 kB │ gzip:  2.63 kB
.svelte-kit/output/client/_app/immutable/chunks/BzelbSyF.js                                     6.57 kB │ gzip:  2.66 kB
.svelte-kit/output/client/_app/immutable/chunks/BnSxMbNQ.js                                     6.59 kB │ gzip:  2.67 kB
.svelte-kit/output/client/_app/immutable/chunks/C_JavFfQ.js                                     6.80 kB │ gzip:  2.53 kB
.svelte-kit/output/client/_app/immutable/chunks/gTC-MozV.js                                     6.82 kB │ gzip:  2.76 kB
.svelte-kit/output/client/_app/immutable/chunks/DDtn0ovu.js                                     6.83 kB │ gzip:  2.49 kB
.svelte-kit/output/client/_app/immutable/chunks/DWyX7H2y.js                                     6.87 kB │ gzip:  2.56 kB
.svelte-kit/output/client/_app/immutable/chunks/CXN7iND-.js                                     6.96 kB │ gzip:  2.82 kB
.svelte-kit/output/client/_app/immutable/chunks/D0W9VDi1.js                                     6.96 kB │ gzip:  2.83 kB
.svelte-kit/output/client/_app/immutable/chunks/DGOlOKtv.js                                     7.08 kB │ gzip:  2.37 kB
.svelte-kit/output/client/_app/immutable/chunks/c9Tl2wXo.js                                     7.25 kB │ gzip:  2.95 kB
.svelte-kit/output/client/_app/immutable/chunks/eGgtRiyY.js                                     7.42 kB │ gzip:  2.80 kB
.svelte-kit/output/client/_app/immutable/chunks/5DPBbATB.js                                     7.47 kB │ gzip:  2.66 kB
.svelte-kit/output/client/_app/immutable/chunks/CA7NckZ-.js                                     7.70 kB │ gzip:  2.53 kB
.svelte-kit/output/client/_app/immutable/chunks/oUkl7to2.js                                     7.88 kB │ gzip:  3.28 kB
.svelte-kit/output/client/_app/immutable/chunks/CU6oS3hZ.js                                     7.95 kB │ gzip:  3.31 kB
.svelte-kit/output/client/_app/immutable/chunks/BTayNDNa.js                                     7.96 kB │ gzip:  3.34 kB
.svelte-kit/output/client/_app/immutable/chunks/7Y4lgJz-.js                                     8.03 kB │ gzip:  2.70 kB
.svelte-kit/output/client/_app/immutable/chunks/Bdh0xCnV.js                                     8.04 kB │ gzip:  2.47 kB
.svelte-kit/output/client/_app/immutable/chunks/BtcM0peD.js                                     8.31 kB │ gzip:  3.67 kB
.svelte-kit/output/client/_app/immutable/chunks/rpien3k4.js                                     8.41 kB │ gzip:  3.51 kB
.svelte-kit/output/client/_app/immutable/chunks/DD0axcSd.js                                     8.41 kB │ gzip:  3.51 kB
.svelte-kit/output/client/_app/immutable/chunks/8tbhgJF7.js                                     8.41 kB │ gzip:  3.51 kB
.svelte-kit/output/client/_app/immutable/chunks/X819yewO.js                                     8.41 kB │ gzip:  3.51 kB
.svelte-kit/output/client/_app/immutable/chunks/g31czR5x.js                                     8.43 kB │ gzip:  3.52 kB
.svelte-kit/output/client/_app/immutable/chunks/D6sM3Y--.js                                     8.43 kB │ gzip:  3.52 kB
.svelte-kit/output/client/_app/immutable/chunks/t6Jj8O-o.js                                     8.57 kB │ gzip:  3.17 kB
.svelte-kit/output/client/_app/immutable/chunks/DQNUwD5S.js                                     8.60 kB │ gzip:  2.84 kB
.svelte-kit/output/client/_app/immutable/chunks/D-oCamPk.js                                     8.71 kB │ gzip:  2.94 kB
.svelte-kit/output/client/_app/immutable/nodes/8.CwaL2DHr.js                                    9.00 kB │ gzip:  3.84 kB
.svelte-kit/output/client/_app/immutable/chunks/D9EcDnyl.js                                     9.52 kB │ gzip:  3.74 kB
.svelte-kit/output/client/_app/immutable/chunks/CwRuXphO.js                                     9.53 kB │ gzip:  3.72 kB
.svelte-kit/output/client/_app/immutable/chunks/_znKBwTR.js                                     9.62 kB │ gzip:  3.42 kB
.svelte-kit/output/client/_app/immutable/chunks/Zc_-RPLe.js                                     9.63 kB │ gzip:  3.40 kB
.svelte-kit/output/client/_app/immutable/chunks/BDoqc5yz.js                                     9.67 kB │ gzip:  3.59 kB
.svelte-kit/output/client/_app/immutable/chunks/BgvBHIK_.js                                     9.72 kB │ gzip:  3.01 kB
.svelte-kit/output/client/_app/immutable/chunks/C99kEzJg.js                                     9.74 kB │ gzip:  3.79 kB
.svelte-kit/output/client/_app/immutable/chunks/6Oo91UB1.js                                     9.75 kB │ gzip:  3.80 kB
.svelte-kit/output/client/_app/immutable/chunks/BnFlZmK5.js                                     9.76 kB │ gzip:  3.80 kB
.svelte-kit/output/client/_app/immutable/chunks/BiDXtgh7.js                                     9.76 kB │ gzip:  3.80 kB
.svelte-kit/output/client/_app/immutable/chunks/XkvU88qZ.js                                     9.77 kB │ gzip:  2.32 kB
.svelte-kit/output/client/_app/immutable/chunks/DDOrpZNZ.js                                     9.77 kB │ gzip:  3.81 kB
.svelte-kit/output/client/_app/immutable/chunks/D2Td1Iup.js                                     9.78 kB │ gzip:  3.81 kB
.svelte-kit/output/client/_app/immutable/chunks/BUy7Be7E.js                                     9.79 kB │ gzip:  3.80 kB
.svelte-kit/output/client/_app/immutable/chunks/CcG7ry-v.js                                     9.80 kB │ gzip:  3.83 kB
.svelte-kit/output/client/_app/immutable/chunks/3SNZCWxi.js                                     9.81 kB │ gzip:  3.91 kB
.svelte-kit/output/client/_app/immutable/chunks/BYOUsvGz.js                                     9.84 kB │ gzip:  3.84 kB
.svelte-kit/output/client/_app/immutable/chunks/DIGO69Ya.js                                    10.01 kB │ gzip:  3.54 kB
.svelte-kit/output/client/_app/immutable/chunks/Bph-_j6S.js                                    10.06 kB │ gzip:  3.90 kB
.svelte-kit/output/client/_app/immutable/chunks/m3aKWjqc.js                                    10.70 kB │ gzip:  3.88 kB
.svelte-kit/output/client/_app/immutable/chunks/1K02d49U.js                                    10.70 kB │ gzip:  3.88 kB
.svelte-kit/output/client/_app/immutable/chunks/YLA67s8c.js                                    10.72 kB │ gzip:  3.88 kB
.svelte-kit/output/client/_app/immutable/chunks/DbUwWxim.js                                    10.72 kB │ gzip:  3.89 kB
.svelte-kit/output/client/_app/immutable/chunks/D_YYAXGc.js                                    10.73 kB │ gzip:  3.88 kB
.svelte-kit/output/client/_app/immutable/chunks/BGO5sOec.js                                    10.74 kB │ gzip:  3.90 kB
.svelte-kit/output/client/_app/immutable/chunks/DxZQahMB.js                                    10.75 kB │ gzip:  3.90 kB
.svelte-kit/output/client/_app/immutable/chunks/CIab9ijE.js                                    10.77 kB │ gzip:  3.91 kB
.svelte-kit/output/client/_app/immutable/chunks/KQkKB4TR.js                                    10.79 kB │ gzip:  3.92 kB
.svelte-kit/output/client/_app/immutable/chunks/MBnPtOk9.js                                    11.20 kB │ gzip:  4.16 kB
.svelte-kit/output/client/_app/immutable/entry/app.ByXbhDCy.js                                 11.20 kB │ gzip:  3.10 kB
.svelte-kit/output/client/_app/immutable/chunks/m6hJu1xb.js                                    11.36 kB │ gzip:  4.05 kB
.svelte-kit/output/client/_app/immutable/chunks/BcHdLrSI.js                                    11.40 kB │ gzip:  4.02 kB
.svelte-kit/output/client/_app/immutable/chunks/DHJKELXO.js                                    11.41 kB │ gzip:  2.56 kB
.svelte-kit/output/client/_app/immutable/chunks/C_fjch-v.js                                    11.52 kB │ gzip:  4.16 kB
.svelte-kit/output/client/_app/immutable/chunks/--1_MSQO.js                                    11.75 kB │ gzip:  4.20 kB
.svelte-kit/output/client/_app/immutable/chunks/B2tqk-yt.js                                    12.65 kB │ gzip:  3.03 kB
.svelte-kit/output/client/_app/immutable/chunks/BqtmszuA.js                                    13.14 kB │ gzip:  3.16 kB
.svelte-kit/output/client/_app/immutable/chunks/C2reTIOQ.js                                    13.73 kB │ gzip:  3.71 kB
.svelte-kit/output/client/_app/immutable/chunks/Db3EbhP3.js                                    14.32 kB │ gzip:  3.83 kB
.svelte-kit/output/client/_app/immutable/chunks/6dVhZ4OY.js                                    14.36 kB │ gzip:  3.55 kB
.svelte-kit/output/client/_app/immutable/chunks/DeVHCVe6.js                                    15.18 kB │ gzip:  3.29 kB
.svelte-kit/output/client/_app/immutable/chunks/DGtRtRa-.js                                    15.29 kB │ gzip:  6.20 kB
.svelte-kit/output/client/_app/immutable/chunks/DLWHq-A1.js                                    17.20 kB │ gzip:  5.96 kB
.svelte-kit/output/client/_app/immutable/chunks/C8rJysGp.js                                    17.80 kB │ gzip:  3.30 kB
.svelte-kit/output/client/_app/immutable/chunks/CZLfIRKo.js                                    19.81 kB │ gzip:  3.60 kB
.svelte-kit/output/client/_app/immutable/chunks/dLnCs26x.js                                    20.72 kB │ gzip:  4.20 kB
.svelte-kit/output/client/_app/immutable/chunks/zxo7jvaV.js                                    21.63 kB │ gzip:  3.56 kB
.svelte-kit/output/client/_app/immutable/chunks/DAzJKUJv.js                                    23.31 kB │ gzip:  4.60 kB
.svelte-kit/output/client/_app/immutable/chunks/ZfBDYj1X.js                                    25.49 kB │ gzip:  3.31 kB
.svelte-kit/output/client/_app/immutable/chunks/DQm_z5Zd.js                                    25.62 kB │ gzip:  7.36 kB
.svelte-kit/output/client/_app/immutable/chunks/Arnqwqul.js                                    25.96 kB │ gzip:  3.77 kB
.svelte-kit/output/client/_app/immutable/chunks/B55TZzde.js                                    31.16 kB │ gzip:  5.13 kB
.svelte-kit/output/client/_app/immutable/chunks/CsMRlIFD.js                                    32.02 kB │ gzip: 11.41 kB
.svelte-kit/output/client/_app/immutable/chunks/D9xRYPGm.js                                    33.51 kB │ gzip: 13.07 kB
.svelte-kit/output/client/_app/immutable/chunks/kEzwwHkD.js                                    36.14 kB │ gzip:  8.81 kB
.svelte-kit/output/client/_app/immutable/chunks/DYcVfIpq.js                                    38.03 kB │ gzip:  6.22 kB
.svelte-kit/output/client/_app/immutable/nodes/4.BxXsIQME.js                                   39.90 kB │ gzip: 12.15 kB
.svelte-kit/output/client/_app/immutable/chunks/atvbtKCR.js                                    42.71 kB │ gzip:  6.35 kB
.svelte-kit/output/client/_app/immutable/chunks/44ZsoN3X.js                                    46.65 kB │ gzip:  7.50 kB
.svelte-kit/output/client/_app/immutable/chunks/Bk3pFiRG.js                                    49.30 kB │ gzip:  6.34 kB
.svelte-kit/output/client/_app/immutable/chunks/BGbG7Slk.js                                    53.26 kB │ gzip:  7.17 kB
.svelte-kit/output/client/_app/immutable/chunks/BPhBrDlE.js                                    53.80 kB │ gzip: 13.46 kB
.svelte-kit/output/client/_app/immutable/chunks/DucxHlmS.js                                    53.96 kB │ gzip:  7.24 kB
.svelte-kit/output/client/_app/immutable/nodes/0.0rBnSPBe.js                                   54.28 kB │ gzip: 16.50 kB
.svelte-kit/output/client/_app/immutable/chunks/BxvjZWWc.js                                    55.08 kB │ gzip: 13.27 kB
.svelte-kit/output/client/_app/immutable/chunks/DbeDr_oe.js                                    56.24 kB │ gzip:  6.02 kB
.svelte-kit/output/client/_app/immutable/chunks/lpk_4Yri.js                                    59.50 kB │ gzip:  7.15 kB
.svelte-kit/output/client/_app/immutable/chunks/Df0x9m70.js                                    67.03 kB │ gzip:  8.19 kB
.svelte-kit/output/client/_app/immutable/chunks/PBoU_YiA.js                                    68.77 kB │ gzip:  7.02 kB
.svelte-kit/output/client/_app/immutable/chunks/BNoYGdR6.js                                    81.64 kB │ gzip: 13.68 kB
.svelte-kit/output/client/_app/immutable/chunks/BAQOIU2j.js                                    95.84 kB │ gzip: 10.92 kB
.svelte-kit/output/client/_app/immutable/chunks/CDxmhVKa.js                                   172.39 kB │ gzip: 18.46 kB
.svelte-kit/output/client/_app/immutable/chunks/D0PpNO-Z.js                                   175.16 kB │ gzip: 18.49 kB
.svelte-kit/output/client/_app/immutable/chunks/Bnhne4sZ.js                                   186.98 kB │ gzip: 18.07 kB
.svelte-kit/output/client/_app/immutable/chunks/ySlJ1b_l.js                                   198.03 kB │ gzip: 17.58 kB
.svelte-kit/output/client/_app/immutable/chunks/Dj6nwHGl.js                                   209.02 kB │ gzip: 17.23 kB
.svelte-kit/output/client/_app/immutable/chunks/BvmC61JB.js                                   215.67 kB │ gzip: 20.67 kB
.svelte-kit/output/client/_app/immutable/chunks/CHKMU7IM.js                                   230.55 kB │ gzip: 21.75 kB
.svelte-kit/output/client/_app/immutable/chunks/BCZbmLcQ.js                                   233.63 kB │ gzip: 22.67 kB
.svelte-kit/output/client/_app/immutable/chunks/CMn8Y6JU.js                                   341.21 kB │ gzip: 91.03 kB
✓ built in 12.11s
  302 /docs -> /docs/introduction
  302 /docs/builders -> /docs/builders/accordion
  303 /repro -> https://stackblitz.com/github/melt-ui/template
Fetching contributors...
Contributors: 119
Fetching contributors...
Contributors: 0
Fetching contributors...
Contributors: 0
Fetching contributors...
Contributors: 0
Fetching contributors...
Contributors: 0
Fetching contributors...
Contributors: 0
Fetching contributors...
Contributors: 0
.svelte-kit/output/server/_app/immutable/assets/inter-vietnamese-100-normal.DUO_Al_4.woff2      4.90 kB
.svelte-kit/output/server/_app/immutable/assets/inter-vietnamese-400-normal.DMkecbls.woff2      4.97 kB
.svelte-kit/output/server/_app/immutable/assets/inter-vietnamese-900-normal.C4P836tE.woff2      5.03 kB
.svelte-kit/output/server/_app/immutable/assets/inter-vietnamese-300-normal.Bdr24Bqb.woff2      5.06 kB
.svelte-kit/output/server/_app/immutable/assets/inter-vietnamese-200-normal.BYvDigGQ.woff2      5.09 kB
.svelte-kit/output/server/_app/immutable/assets/inter-vietnamese-600-normal.Cc8MFFhd.woff2      5.10 kB
.svelte-kit/output/server/_app/immutable/assets/inter-vietnamese-500-normal.DOriooB6.woff2      5.11 kB
.svelte-kit/output/server/_app/immutable/assets/inter-vietnamese-800-normal.Cm7tD1pz.woff2      5.18 kB
.svelte-kit/output/server/_app/immutable/assets/inter-vietnamese-700-normal.CGpBpxLq.woff2      5.20 kB
.svelte-kit/output/server/_app/immutable/assets/inter-greek-ext-400-normal.Bput3-QP.woff2       5.23 kB
.svelte-kit/output/server/_app/immutable/assets/inter-greek-ext-100-normal.Bh_h4cLj.woff2       5.27 kB
.svelte-kit/output/server/_app/immutable/assets/inter-greek-ext-300-normal.Bzbb9qoQ.woff2       5.39 kB
.svelte-kit/output/server/_app/immutable/assets/inter-greek-ext-200-normal.CQm00ywU.woff2       5.39 kB
.svelte-kit/output/server/_app/immutable/assets/inter-greek-ext-500-normal.B6guLgqG.woff2       5.40 kB
.svelte-kit/output/server/_app/immutable/assets/inter-greek-ext-900-normal.gmbm0Gan.woff2       5.40 kB
.svelte-kit/output/server/_app/immutable/assets/inter-greek-ext-700-normal.SzCdnevJ.woff2       5.42 kB
.svelte-kit/output/server/_app/immutable/assets/inter-greek-ext-600-normal.Cnui8OiR.woff2       5.43 kB
.svelte-kit/output/server/_app/immutable/assets/inter-greek-ext-800-normal.JPzvdjtt.woff2       5.46 kB
.svelte-kit/output/server/_app/immutable/assets/inter-vietnamese-100-normal.DhO4y6Q0.woff       6.44 kB
.svelte-kit/output/server/_app/immutable/assets/inter-vietnamese-900-normal.DBSPUrC7.woff       6.46 kB
.svelte-kit/output/server/_app/immutable/assets/inter-vietnamese-400-normal.Bbgyi5SW.woff       6.50 kB
.svelte-kit/output/server/_app/immutable/assets/inter-vietnamese-200-normal.DzDmzEiT.woff       6.57 kB
.svelte-kit/output/server/_app/immutable/assets/inter-vietnamese-300-normal.DDGmYYdT.woff       6.59 kB
.svelte-kit/output/server/_app/immutable/assets/inter-vietnamese-500-normal.mJboJaSs.woff       6.60 kB
.svelte-kit/output/server/_app/immutable/assets/inter-vietnamese-700-normal.DL6eWghQ.woff       6.63 kB
.svelte-kit/output/server/_app/immutable/assets/inter-vietnamese-600-normal.BuLX-rYi.woff       6.64 kB
.svelte-kit/output/server/_app/immutable/assets/inter-vietnamese-800-normal.DDlpr_Ee.woff       6.64 kB
.svelte-kit/output/server/_app/immutable/assets/inter-greek-ext-100-normal.BzNdIgBB.woff        6.97 kB
.svelte-kit/output/server/_app/immutable/assets/inter-greek-ext-400-normal.XIH6-K3k.woff        7.06 kB
.svelte-kit/output/server/_app/immutable/assets/inter-greek-ext-900-normal.t9SXDfLo.woff        7.10 kB
.svelte-kit/output/server/_app/immutable/assets/inter-greek-ext-300-normal.BppC-wMA.woff        7.13 kB
.svelte-kit/output/server/_app/immutable/assets/inter-greek-ext-200-normal.qsbC7g6_.woff        7.15 kB
.svelte-kit/output/server/_app/immutable/assets/inter-greek-ext-500-normal.1SJLBQ3N.woff        7.19 kB
.svelte-kit/output/server/_app/immutable/assets/inter-greek-ext-800-normal.CN1z_jol.woff        7.20 kB
.svelte-kit/output/server/_app/immutable/assets/inter-greek-ext-700-normal.D0KHSs-V.woff        7.21 kB
.svelte-kit/output/server/_app/immutable/assets/inter-greek-ext-600-normal.CCFnzSpK.woff        7.21 kB
.svelte-kit/output/server/_app/immutable/assets/inter-cyrillic-100-normal.CfZ4csEW.woff2        7.61 kB
.svelte-kit/output/server/_app/immutable/assets/inter-cyrillic-400-normal.BLGc9T1a.woff2        7.71 kB
.svelte-kit/output/server/_app/immutable/assets/inter-greek-100-normal.DLBCdKEE.woff2           7.73 kB
.svelte-kit/output/server/_app/immutable/assets/inter-cyrillic-200-normal.DmaD8UT0.woff2        7.77 kB
.svelte-kit/output/server/_app/immutable/assets/inter-cyrillic-900-normal.rsB9enUl.woff2        7.81 kB
.svelte-kit/output/server/_app/immutable/assets/inter-cyrillic-300-normal.DuKDqihX.woff2        7.81 kB
.svelte-kit/output/server/_app/immutable/assets/inter-greek-900-normal.DTZD6r2W.woff2           7.83 kB
.svelte-kit/output/server/_app/immutable/assets/inter-greek-400-normal.DxZsaF_h.woff2           7.84 kB
.svelte-kit/output/server/_app/immutable/assets/inter-greek-300-normal._k6LbL93.woff2           7.87 kB
.svelte-kit/output/server/_app/immutable/assets/inter-greek-200-normal.BmENupgy.woff2           7.90 kB
.svelte-kit/output/server/_app/immutable/assets/inter-cyrillic-500-normal.D4Vwzodn.woff2        7.90 kB
.svelte-kit/output/server/_app/immutable/assets/inter-greek-500-normal.CeQXL5ds.woff2           7.90 kB
.svelte-kit/output/server/_app/immutable/assets/inter-greek-800-normal.C7uvZBs2.woff2           7.93 kB
.svelte-kit/output/server/_app/immutable/assets/inter-greek-700-normal.Cxpycf-U.woff2           7.93 kB
.svelte-kit/output/server/_app/immutable/assets/inter-greek-600-normal.Dhlb-90d.woff2           7.96 kB
.svelte-kit/output/server/_app/immutable/assets/inter-cyrillic-800-normal.Gn5VisWc.woff2        7.96 kB
.svelte-kit/output/server/_app/immutable/assets/inter-cyrillic-600-normal.BGBWG807.woff2        7.97 kB
.svelte-kit/output/server/_app/immutable/assets/inter-cyrillic-700-normal.bGtGjVdZ.woff2        8.00 kB
.svelte-kit/output/server/_app/immutable/assets/inter-cyrillic-100-normal.BbR-76J2.woff         9.63 kB
.svelte-kit/output/server/_app/immutable/assets/inter-cyrillic-400-normal.alAqRL36.woff         9.78 kB
.svelte-kit/output/server/_app/immutable/assets/inter-greek-100-normal.B3Nh0fmk.woff            9.78 kB
.svelte-kit/output/server/_app/immutable/assets/inter-cyrillic-300-normal.DgBQIhyZ.woff         9.81 kB
.svelte-kit/output/server/_app/immutable/assets/inter-cyrillic-900-normal.B9EYNSoK.woff         9.83 kB
.svelte-kit/output/server/_app/immutable/assets/inter-cyrillic-200-normal.7J_GZfs3.woff         9.87 kB
.svelte-kit/output/server/_app/immutable/assets/inter-greek-900-normal.xMeZYaDo.woff            9.90 kB
.svelte-kit/output/server/_app/immutable/assets/inter-cyrillic-700-normal.oWiwobpV.woff         9.91 kB
.svelte-kit/output/server/_app/immutable/assets/inter-cyrillic-ext-100-normal.BOkASA1Q.woff2    9.92 kB
.svelte-kit/output/server/_app/immutable/assets/inter-greek-400-normal.C3I71FoW.woff            9.92 kB
.svelte-kit/output/server/_app/immutable/assets/inter-cyrillic-600-normal.vZ-N8GHY.woff         9.94 kB
.svelte-kit/output/server/_app/immutable/assets/inter-cyrillic-500-normal.BoeW9iIj.woff         9.94 kB
.svelte-kit/output/server/_app/immutable/assets/inter-cyrillic-800-normal.B7tloZ-q.woff         9.94 kB
.svelte-kit/output/server/_app/immutable/assets/inter-greek-800-normal.rjLA_ShQ.woff            9.96 kB
.svelte-kit/output/server/_app/immutable/assets/inter-greek-700-normal.DtGkhywV.woff            9.98 kB
.svelte-kit/output/server/_app/immutable/assets/inter-greek-500-normal.CSBZZ4CI.woff            9.98 kB
.svelte-kit/output/server/_app/immutable/assets/inter-greek-300-normal.BvIEFsLZ.woff            9.99 kB
.svelte-kit/output/server/_app/immutable/assets/inter-greek-200-normal.B_yvH6cf.woff           10.01 kB
.svelte-kit/output/server/_app/immutable/assets/inter-greek-600-normal.BVGIV3oK.woff           10.03 kB
.svelte-kit/output/server/_app/immutable/assets/inter-cyrillic-ext-400-normal.Dc4VJyIJ.woff2   10.22 kB
.svelte-kit/output/server/_app/immutable/assets/inter-cyrillic-ext-900-normal.BduYe0K2.woff2   10.22 kB
.svelte-kit/output/server/_app/immutable/assets/inter-cyrillic-ext-200-normal.B_Dxz9DO.woff2   10.28 kB
.svelte-kit/output/server/_app/immutable/assets/inter-cyrillic-ext-300-normal.B8-SKPy6.woff2   10.34 kB
.svelte-kit/output/server/_app/immutable/assets/inter-cyrillic-ext-800-normal.DkJRRbRv.woff2   10.43 kB
.svelte-kit/output/server/_app/immutable/assets/inter-cyrillic-ext-500-normal.BShVwWPj.woff2   10.44 kB
.svelte-kit/output/server/_app/immutable/assets/inter-cyrillic-ext-600-normal.CaqZN2hq.woff2   10.46 kB
.svelte-kit/output/server/_app/immutable/assets/inter-cyrillic-ext-700-normal.ClVoMEGq.woff2   10.46 kB
.svelte-kit/output/server/_app/immutable/assets/inter-cyrillic-ext-100-normal.Bkblv-9J.woff    12.99 kB
.svelte-kit/output/server/_app/immutable/assets/inter-cyrillic-ext-900-normal.Cq3Igddy.woff    13.22 kB
.svelte-kit/output/server/_app/immutable/assets/inter-cyrillic-ext-400-normal.BE2fNs0E.woff    13.34 kB
.svelte-kit/output/server/_app/immutable/assets/inter-cyrillic-ext-300-normal.BIqOxSS1.woff    13.40 kB
.svelte-kit/output/server/_app/immutable/assets/inter-cyrillic-ext-200-normal.CodIh3HW.woff    13.43 kB
.svelte-kit/output/server/_app/immutable/assets/inter-cyrillic-ext-700-normal.Cg0zx2i8.woff    13.44 kB
.svelte-kit/output/server/_app/immutable/assets/inter-cyrillic-ext-500-normal.NrhEyngK.woff    13.44 kB
.svelte-kit/output/server/_app/immutable/assets/inter-cyrillic-ext-600-normal.t7rHAwBu.woff    13.46 kB
.svelte-kit/output/server/_app/immutable/assets/inter-cyrillic-ext-800-normal.f7wAPxr8.woff    13.47 kB
.svelte-kit/output/server/_app/immutable/assets/inter-latin-100-normal.Cg8nSI4P.woff2          23.39 kB
.svelte-kit/output/server/_app/immutable/assets/inter-latin-400-normal.C38fXH4l.woff2          23.66 kB
.svelte-kit/output/server/_app/immutable/assets/inter-latin-900-normal.D4nM5aha.woff2          23.90 kB
.svelte-kit/output/server/_app/immutable/assets/inter-latin-300-normal.BVlfKGgI.woff2          23.92 kB
.svelte-kit/output/server/_app/immutable/assets/inter-latin-200-normal.CGIQ4gbF.woff2          23.92 kB
.svelte-kit/output/server/_app/immutable/assets/inter-latin-700-normal.Drs_5D37.woff2          24.25 kB
.svelte-kit/output/server/_app/immutable/assets/inter-latin-500-normal.Cerq10X2.woff2          24.27 kB
.svelte-kit/output/server/_app/immutable/assets/inter-latin-800-normal.BYj_oED-.woff2          24.40 kB
.svelte-kit/output/server/_app/immutable/assets/inter-latin-600-normal.LgqL8muc.woff2          24.45 kB
.svelte-kit/output/server/_app/immutable/assets/inter-latin-100-normal.J9XNenR1.woff           30.37 kB
.svelte-kit/output/server/_app/immutable/assets/inter-latin-900-normal.EUCDUbiG.woff           30.68 kB
.svelte-kit/output/server/_app/immutable/assets/inter-latin-400-normal.CyCys3Eg.woff           30.70 kB
.svelte-kit/output/server/_app/immutable/assets/inter-latin-200-normal.fAycq8N-.woff           30.97 kB
.svelte-kit/output/server/_app/immutable/assets/inter-latin-300-normal.i8F0SvXL.woff           31.01 kB
.svelte-kit/output/server/_app/immutable/assets/inter-latin-600-normal.CiBQ2DWP.woff           31.26 kB
.svelte-kit/output/server/_app/immutable/assets/inter-latin-500-normal.BL9OpVg8.woff           31.28 kB
.svelte-kit/output/server/_app/immutable/assets/inter-latin-800-normal.D1mf63XC.woff           31.30 kB
.svelte-kit/output/server/_app/immutable/assets/inter-latin-700-normal.KTwiWvO9.woff           31.30 kB
.svelte-kit/output/server/_app/immutable/assets/inter-latin-ext-100-normal.BDVeoItV.woff2      34.41 kB
.svelte-kit/output/server/_app/immutable/assets/inter-latin-ext-400-normal.C1nco2VV.woff2      35.00 kB
.svelte-kit/output/server/_app/immutable/assets/inter-latin-ext-900-normal.ty8Tfvw5.woff2      35.33 kB
.svelte-kit/output/server/_app/immutable/assets/inter-latin-ext-200-normal.BbLMEfwQ.woff2      35.82 kB
.svelte-kit/output/server/_app/immutable/assets/inter-latin-ext-300-normal.CPgO9Ksf.woff2      35.88 kB
.svelte-kit/output/server/_app/immutable/assets/inter-latin-ext-500-normal.CV4jyFjo.woff2      36.02 kB
.svelte-kit/output/server/_app/immutable/assets/inter-latin-ext-800-normal.DZJjya6U.woff2      36.13 kB
.svelte-kit/output/server/_app/immutable/assets/inter-latin-ext-700-normal.CfWAu3Qq.woff2      36.24 kB
.svelte-kit/output/server/_app/immutable/assets/inter-latin-ext-600-normal.D2bJ5OIk.woff2      36.26 kB
.svelte-kit/output/server/_app/immutable/assets/inter-latin-ext-100-normal.D0H0FrO2.woff       47.16 kB
.svelte-kit/output/server/_app/immutable/assets/inter-latin-ext-400-normal.77YHD8bZ.woff       47.56 kB
.svelte-kit/output/server/_app/immutable/assets/inter-latin-ext-900-normal.DG9wZIMw.woff       47.66 kB
.svelte-kit/output/server/_app/immutable/assets/inter-latin-ext-500-normal.BxGbmqWO.woff       48.49 kB
.svelte-kit/output/server/_app/immutable/assets/inter-latin-ext-800-normal.BOMpwxm3.woff       48.59 kB
.svelte-kit/output/server/_app/immutable/assets/inter-latin-ext-300-normal.Dp1L8vcn.woff       48.61 kB
.svelte-kit/output/server/_app/immutable/assets/inter-latin-ext-700-normal.Z3s-4e5M.woff       48.63 kB
.svelte-kit/output/server/_app/immutable/assets/inter-latin-ext-200-normal.BZvdQwkN.woff       48.63 kB
.svelte-kit/output/server/_app/immutable/assets/inter-latin-ext-600-normal.CIVaiw4L.woff       48.67 kB
.svelte-kit/output/server/.vite/manifest.json                                                 188.27 kB
.svelte-kit/output/server/_app/immutable/assets/tree.CHvbMCp_.css                               0.05 kB
.svelte-kit/output/server/_app/immutable/assets/index.CcvEUbos.css                              0.07 kB
.svelte-kit/output/server/_app/immutable/assets/index.kdE9C81U.css                              0.08 kB
.svelte-kit/output/server/_app/immutable/assets/index.DbHmEaY2.css                              0.09 kB
.svelte-kit/output/server/_app/immutable/assets/index.CPT1xvKK.css                              0.09 kB
.svelte-kit/output/server/_app/immutable/assets/MonthSelect.Cu6b3FpA.css                        0.14 kB
.svelte-kit/output/server/_app/immutable/assets/LocaleCombobox.CJC0GT05.css                     0.17 kB
.svelte-kit/output/server/_app/immutable/assets/index.CXgHIOTe.css                              0.29 kB
.svelte-kit/output/server/_app/immutable/assets/index.Q4ufXp9m.css                              0.37 kB
.svelte-kit/output/server/_app/immutable/assets/index.Dw1D2BLR.css                              0.52 kB
.svelte-kit/output/server/_app/immutable/assets/index.DZQaK2qu.css                              0.53 kB
.svelte-kit/output/server/_app/immutable/assets/index.U8LcSUs7.css                              0.59 kB
.svelte-kit/output/server/_app/immutable/assets/index.CQB0PNCl.css                              0.66 kB
.svelte-kit/output/server/_app/immutable/assets/index.CGbK_IwG.css                              0.79 kB
.svelte-kit/output/server/_app/immutable/assets/index.c_l8sf9G.css                              0.95 kB
.svelte-kit/output/server/_app/immutable/assets/index.BV3V0nN0.css                              1.06 kB
.svelte-kit/output/server/_app/immutable/assets/index.WdpzZmHn.css                              1.09 kB
.svelte-kit/output/server/_app/immutable/assets/index.DDOI2eC_.css                              1.19 kB
.svelte-kit/output/server/_app/immutable/assets/index.Uc7i1aSv.css                              1.21 kB
.svelte-kit/output/server/_app/immutable/assets/index.Bg5uYKIq.css                              1.22 kB
.svelte-kit/output/server/_app/immutable/assets/DateField.KpPjONUy.css                          1.27 kB
.svelte-kit/output/server/_app/immutable/assets/index.VvG28Dyc.css                              1.28 kB
.svelte-kit/output/server/_app/immutable/assets/index.g2HA7sjP.css                              1.30 kB
.svelte-kit/output/server/_app/immutable/assets/DateRangeField.DGyP1yF7.css                     1.42 kB
.svelte-kit/output/server/_app/immutable/assets/index.ClZmxJ1A.css                              1.44 kB
.svelte-kit/output/server/_app/immutable/assets/index.v7bWDihn.css                              1.44 kB
.svelte-kit/output/server/_app/immutable/assets/index.NYYO1yf-.css                              1.48 kB
.svelte-kit/output/server/_app/immutable/assets/index.Ck-SHz1o.css                              1.49 kB
.svelte-kit/output/server/_app/immutable/assets/index.DOqVx-n7.css                              1.56 kB
.svelte-kit/output/server/_app/immutable/assets/index.BgnhcYYu.css                              1.56 kB
.svelte-kit/output/server/_app/immutable/assets/index.oxuKf78k.css                              1.56 kB
.svelte-kit/output/server/_app/immutable/assets/index.DymqMkUP.css                              1.62 kB
.svelte-kit/output/server/_app/immutable/assets/index.CMa1_-oM.css                              1.76 kB
.svelte-kit/output/server/_app/immutable/assets/index.C38VqjFE.css                              1.83 kB
.svelte-kit/output/server/_app/immutable/assets/index.CSrPjNpe.css                              2.16 kB
.svelte-kit/output/server/_app/immutable/assets/index.B5cWUDVM.css                              2.20 kB
.svelte-kit/output/server/_app/immutable/assets/index.Dqjs4PUF.css                              2.25 kB
.svelte-kit/output/server/_app/immutable/assets/index.CPMi61mT.css                              2.50 kB
.svelte-kit/output/server/_app/immutable/assets/index.Dj4lAAMX.css                              2.65 kB
.svelte-kit/output/server/_app/immutable/assets/index.DokM7tqX.css                              2.82 kB
.svelte-kit/output/server/_app/immutable/assets/index.DpQ6PCJu.css                              3.33 kB
.svelte-kit/output/server/_app/immutable/assets/index.BwyTh9Ec.css                              3.65 kB
.svelte-kit/output/server/_app/immutable/assets/index.DcTm7b-g.css                              3.67 kB
.svelte-kit/output/server/_app/immutable/assets/contributor.pinu0vA5.css                        3.80 kB
.svelte-kit/output/server/_app/immutable/assets/index.DxeMHVJ3.css                              3.86 kB
.svelte-kit/output/server/_app/immutable/assets/index.Cf_kNRXD.css                              3.90 kB
.svelte-kit/output/server/_app/immutable/assets/index.BIGCbuKb.css                              3.93 kB
.svelte-kit/output/server/_app/immutable/assets/index.DA0yULK_.css                              3.93 kB
.svelte-kit/output/server/_app/immutable/assets/index.BY7meimj.css                              3.99 kB
.svelte-kit/output/server/_app/immutable/assets/index.Y4-Mw8CN.css                              3.99 kB
.svelte-kit/output/server/_app/immutable/assets/index.JVAa48nk.css                              4.01 kB
.svelte-kit/output/server/_app/immutable/assets/index.Cr4fTbv_.css                              4.01 kB
.svelte-kit/output/server/_app/immutable/assets/index.D9sOY0Dg.css                              4.01 kB
.svelte-kit/output/server/_app/immutable/assets/markdown.BPtJxrib.css                           4.17 kB
.svelte-kit/output/server/_app/immutable/assets/index.Bba-Xxar.css                              4.28 kB
.svelte-kit/output/server/_app/immutable/assets/index.BZOgfIp-.css                              4.77 kB
.svelte-kit/output/server/_app/immutable/assets/index.pzN2IALK.css                              5.94 kB
.svelte-kit/output/server/_app/immutable/assets/index.BxHZt5FS.css                              6.01 kB
.svelte-kit/output/server/_app/immutable/assets/index.Dx7J5xmV.css                              6.03 kB
.svelte-kit/output/server/_app/immutable/assets/index.CFyfz1jo.css                              6.27 kB
.svelte-kit/output/server/_app/immutable/assets/index.CGslpMNq.css                              6.27 kB
.svelte-kit/output/server/_app/immutable/assets/index.kJQVPeFu.css                              6.31 kB
.svelte-kit/output/server/_app/immutable/assets/index.ClDQuVA8.css                              6.42 kB
.svelte-kit/output/server/_app/immutable/assets/_page.A7douzGB.css                              6.60 kB
.svelte-kit/output/server/_app/immutable/assets/index.CkA8axPs.css                              6.80 kB
.svelte-kit/output/server/_app/immutable/assets/index.B6_d4mND.css                              7.05 kB
.svelte-kit/output/server/_app/immutable/assets/index.DcKZc7fK.css                             10.69 kB
.svelte-kit/output/server/_app/immutable/assets/_layout.DY60MD2u.css                           93.99 kB
.svelte-kit/output/server/entries/pages/_layout.ts.js                                           0.05 kB
.svelte-kit/output/server/chunks/ssr2.js                                                        0.10 kB
.svelte-kit/output/server/entries/pages/docs/_page.ts.js                                        0.13 kB
.svelte-kit/output/server/entries/pages/docs/builders/_page.ts.js                               0.13 kB
.svelte-kit/output/server/chunks/style.js                                                       0.15 kB
.svelte-kit/output/server/entries/pages/_layout.server.ts.js                                    0.15 kB
.svelte-kit/output/server/entries/pages/repro/_page.ts.js                                       0.16 kB
.svelte-kit/output/server/chunks/locale.js                                                      0.20 kB
.svelte-kit/output/server/entries/fallbacks/layout.svelte.js                                    0.24 kB
.svelte-kit/output/server/entries/pages/docs/_...slug_/_page.server.ts.js                       0.24 kB
.svelte-kit/output/server/chunks/environment.js                                                 0.25 kB
.svelte-kit/output/server/chunks/code.js                                                        0.25 kB
.svelte-kit/output/server/chunks/names.js                                                       0.25 kB
.svelte-kit/output/server/internal.js                                                           0.38 kB
.svelte-kit/output/server/chunks/server.js                                                      0.45 kB
.svelte-kit/output/server/chunks/check.js                                                       0.51 kB
.svelte-kit/output/server/chunks/x.js                                                           0.52 kB
.svelte-kit/output/server/chunks/chevron-down.js                                                0.53 kB
.svelte-kit/output/server/chunks/chevron-left.js                                                0.53 kB
.svelte-kit/output/server/chunks/plus.js                                                        0.53 kB
.svelte-kit/output/server/chunks/chevron-right.js                                               0.53 kB
.svelte-kit/output/server/entries/pages/docs/_...slug_/_page.ts.js                              0.57 kB
.svelte-kit/output/server/chunks/create2.js                                                     0.59 kB
.svelte-kit/output/server/chunks/settings-2.js                                                  0.67 kB
.svelte-kit/output/server/chunks/markdown.js                                                    0.67 kB
.svelte-kit/output/server/entries/pages/docs/builders/_name_/_page.server.ts.js                 0.68 kB
.svelte-kit/output/server/chunks/stores.js                                                      0.70 kB
.svelte-kit/output/server/chunks/calendar2.js                                                   0.73 kB
.svelte-kit/output/server/chunks/index45.js                                                     0.74 kB
.svelte-kit/output/server/chunks/copy.js                                                        0.75 kB
.svelte-kit/output/server/entries/pages/docs/builders/_name_/_page.ts.js                        0.78 kB
.svelte-kit/output/server/chunks/italic.js                                                      0.84 kB
.svelte-kit/output/server/chunks/h4.js                                                          0.87 kB
.svelte-kit/output/server/chunks/h3.js                                                          0.91 kB
.svelte-kit/output/server/chunks/h2.js                                                          0.95 kB
.svelte-kit/output/server/chunks/index86.js                                                     0.97 kB
.svelte-kit/output/server/chunks/JS.js                                                          1.00 kB
.svelte-kit/output/server/chunks/index126.js                                                    1.05 kB
.svelte-kit/output/server/chunks/index90.js                                                     1.10 kB
.svelte-kit/output/server/chunks/utils.js                                                       1.15 kB
.svelte-kit/output/server/chunks/index25.js                                                     1.19 kB
.svelte-kit/output/server/chunks/create20.js                                                    1.20 kB
.svelte-kit/output/server/chunks/root.js                                                        1.34 kB
.svelte-kit/output/server/chunks/index116.js                                                    1.38 kB
.svelte-kit/output/server/chunks/index117.js                                                    1.40 kB
.svelte-kit/output/server/chunks/index41.js                                                     1.41 kB
.svelte-kit/output/server/chunks/index115.js                                                    1.42 kB
.svelte-kit/output/server/chunks/index60.js                                                     1.43 kB
.svelte-kit/output/server/chunks/index120.js                                                    1.43 kB
.svelte-kit/output/server/chunks/callout.js                                                     1.44 kB
.svelte-kit/output/server/chunks/index94.js                                                     1.44 kB
.svelte-kit/output/server/chunks/index118.js                                                    1.45 kB
.svelte-kit/output/server/chunks/index67.js                                                     1.51 kB
.svelte-kit/output/server/entries/pages/_error.svelte.js                                        1.51 kB
.svelte-kit/output/server/chunks/a.js                                                           1.59 kB
.svelte-kit/output/server/chunks/config.js                                                      1.60 kB
.svelte-kit/output/server/entries/pages/docs/_...slug_/_layout.server.ts.js                     1.63 kB
.svelte-kit/output/server/chunks/index114.js                                                    1.67 kB
.svelte-kit/output/server/chunks/highlighter.js                                                 1.76 kB
.svelte-kit/output/server/chunks/index119.js                                                    1.81 kB
.svelte-kit/output/server/chunks/pin-input.js                                                   1.81 kB
.svelte-kit/output/server/chunks/Svelte.js                                                      1.84 kB
.svelte-kit/output/server/chunks/index44.js                                                     1.88 kB
.svelte-kit/output/server/chunks/index23.js                                                     1.89 kB
.svelte-kit/output/server/chunks/index2.js                                                      1.90 kB
.svelte-kit/output/server/chunks/tree2.js                                                       1.95 kB
.svelte-kit/output/server/chunks/layout.js                                                      1.99 kB
.svelte-kit/output/server/chunks/create11.js                                                    2.02 kB
.svelte-kit/output/server/chunks/button.js                                                      2.07 kB
.svelte-kit/output/server/chunks/create.js                                                      2.28 kB
.svelte-kit/output/server/chunks/avatar.js                                                      2.28 kB
.svelte-kit/output/server/chunks/lifecycle.js                                                   2.29 kB
.svelte-kit/output/server/chunks/align-right.js                                                 2.30 kB
.svelte-kit/output/server/chunks/create18.js                                                    2.32 kB
.svelte-kit/output/server/chunks/ul.js                                                          2.37 kB
.svelte-kit/output/server/chunks/toolbar.js                                                     2.40 kB
.svelte-kit/output/server/chunks/table-of-contents.js                                           2.40 kB
.svelte-kit/output/server/entries/pages/docs/_...slug_/_page.svelte.js                          2.46 kB
.svelte-kit/output/server/chunks/progress.js                                                    2.47 kB
.svelte-kit/output/server/chunks/Icon.js                                                        2.58 kB
.svelte-kit/output/server/chunks/create4.js                                                     2.62 kB
.svelte-kit/output/server/chunks/index128.js                                                    2.63 kB
.svelte-kit/output/server/chunks/separator.js                                                   2.64 kB
.svelte-kit/output/server/chunks/index.js                                                       2.69 kB
.svelte-kit/output/server/chunks/index125.js                                                    2.75 kB
.svelte-kit/output/server/chunks/index6.js                                                      2.83 kB
.svelte-kit/output/server/chunks/index108.js                                                    2.94 kB
.svelte-kit/output/server/chunks/index106.js                                                    2.95 kB
.svelte-kit/output/server/chunks/index110.js                                                    2.95 kB
.svelte-kit/output/server/chunks/create13.js                                                    3.08 kB
.svelte-kit/output/server/chunks/toggle-group.js                                                3.17 kB
.svelte-kit/output/server/chunks/radio-group.js                                                 3.24 kB
.svelte-kit/output/server/chunks/index124.js                                                    3.26 kB
.svelte-kit/output/server/chunks/index89.js                                                     3.30 kB
.svelte-kit/output/server/chunks/create12.js                                                    3.35 kB
.svelte-kit/output/server/chunks/index121.js                                                    3.43 kB
.svelte-kit/output/server/chunks/tree.js                                                        3.44 kB
.svelte-kit/output/server/chunks/index109.js                                                    3.58 kB
.svelte-kit/output/server/entries/pages/docs/_layout.svelte.js                                  3.58 kB
.svelte-kit/output/server/chunks/tabs.js                                                        3.69 kB
.svelte-kit/output/server/chunks/description.js                                                 3.75 kB
.svelte-kit/output/server/chunks/index79.js                                                     3.80 kB
.svelte-kit/output/server/chunks/index81.js                                                     3.89 kB
.svelte-kit/output/server/chunks/index147.js                                                    3.91 kB
.svelte-kit/output/server/chunks/kbd.js                                                         3.99 kB
.svelte-kit/output/server/chunks/toast2.js                                                      4.04 kB
.svelte-kit/output/server/chunks/pre.js                                                         4.05 kB
.svelte-kit/output/server/chunks/index82.js                                                     4.37 kB
.svelte-kit/output/server/chunks/index80.js                                                     4.51 kB
.svelte-kit/output/server/chunks/collapsible.js                                                 4.55 kB
.svelte-kit/output/server/chunks/switch.js                                                      4.61 kB
.svelte-kit/output/server/chunks/tooltip.js                                                     4.70 kB
.svelte-kit/output/server/chunks/index136.js                                                    4.81 kB
.svelte-kit/output/server/entries/pages/docs/builders/_name_/_page.svelte.js                    4.83 kB
.svelte-kit/output/server/chunks/code-block.js                                                  4.88 kB
.svelte-kit/output/server/chunks/index32.js                                                     5.20 kB
.svelte-kit/output/server/chunks/index107.js                                                    5.22 kB
.svelte-kit/output/server/chunks/create16.js                                                    5.29 kB
.svelte-kit/output/server/chunks/index24.js                                                     5.33 kB
.svelte-kit/output/server/chunks/create7.js                                                     5.45 kB
.svelte-kit/output/server/chunks/index135.js                                                    5.50 kB
.svelte-kit/output/server/chunks/index33.js                                                     5.51 kB
.svelte-kit/output/server/chunks/exports.js                                                     5.52 kB
.svelte-kit/output/server/chunks/DateField3.js                                                  5.56 kB
.svelte-kit/output/server/chunks/index139.js                                                    5.82 kB
.svelte-kit/output/server/chunks/create21.js                                                    5.89 kB
.svelte-kit/output/server/chunks/create19.js                                                    5.96 kB
.svelte-kit/output/server/chunks/index146.js                                                    6.08 kB
.svelte-kit/output/server/chunks/create8.js                                                     6.12 kB
.svelte-kit/output/server/chunks/ssr.js                                                         6.29 kB
.svelte-kit/output/server/chunks/index130.js                                                    6.32 kB
.svelte-kit/output/server/chunks/index5.js                                                      6.44 kB
.svelte-kit/output/server/chunks/index4.js                                                      6.46 kB
.svelte-kit/output/server/chunks/Collapsible2.js                                                6.55 kB
.svelte-kit/output/server/chunks/create3.js                                                     6.65 kB
.svelte-kit/output/server/chunks/tree3.js                                                       6.70 kB
.svelte-kit/output/server/chunks/index35.js                                                     6.73 kB
.svelte-kit/output/server/chunks/index3.js                                                      6.76 kB
.svelte-kit/output/server/chunks/install-tabs.js                                                6.79 kB
.svelte-kit/output/server/chunks/index83.js                                                     6.82 kB
.svelte-kit/output/server/chunks/slider.js                                                      7.02 kB
.svelte-kit/output/server/chunks/index95.js                                                     7.05 kB
.svelte-kit/output/server/chunks/select.js                                                      7.24 kB
.svelte-kit/output/server/chunks/MonthSelect.js                                                 7.36 kB
.svelte-kit/output/server/chunks/index140.js                                                    7.46 kB
.svelte-kit/output/server/chunks/scroll-area2.js                                                7.60 kB
.svelte-kit/output/server/chunks/combobox.js                                                    7.61 kB
.svelte-kit/output/server/chunks/label.js                                                       7.65 kB
.svelte-kit/output/server/chunks/index40.js                                                     7.67 kB
.svelte-kit/output/server/chunks/DateField.js                                                   7.76 kB
.svelte-kit/output/server/chunks/logo.js                                                        7.84 kB
.svelte-kit/output/server/chunks/index137.js                                                    7.88 kB
.svelte-kit/output/server/chunks/DateField2.js                                                  7.93 kB
.svelte-kit/output/server/chunks/index113.js                                                    7.93 kB
.svelte-kit/output/server/chunks/index112.js                                                    7.99 kB
.svelte-kit/output/server/chunks/create14.js                                                    8.04 kB
.svelte-kit/output/server/chunks/index63.js                                                     8.05 kB
.svelte-kit/output/server/chunks/index64.js                                                     8.07 kB
.svelte-kit/output/server/chunks/index58.js                                                     8.10 kB
.svelte-kit/output/server/chunks/index43.js                                                     8.12 kB
.svelte-kit/output/server/chunks/index42.js                                                     8.21 kB
.svelte-kit/output/server/chunks/index87.js                                                     8.23 kB
.svelte-kit/output/server/chunks/index36.js                                                     8.25 kB
.svelte-kit/output/server/chunks/DateRangeField.js                                              8.33 kB
.svelte-kit/output/server/chunks/index65.js                                                     8.35 kB
.svelte-kit/output/server/chunks/DateRangeField2.js                                             8.38 kB
.svelte-kit/output/server/chunks/index59.js                                                     8.38 kB
.svelte-kit/output/server/chunks/index39.js                                                     8.47 kB
.svelte-kit/output/server/chunks/index38.js                                                     8.49 kB
.svelte-kit/output/server/chunks/index37.js                                                     8.52 kB
.svelte-kit/output/server/chunks/index34.js                                                     8.53 kB
.svelte-kit/output/server/chunks/create9.js                                                     8.57 kB
.svelte-kit/output/server/chunks/index66.js                                                     8.85 kB
.svelte-kit/output/server/chunks/index111.js                                                    8.92 kB
.svelte-kit/output/server/chunks/index62.js                                                     8.99 kB
.svelte-kit/output/server/chunks/create10.js                                                    9.04 kB
.svelte-kit/output/server/chunks/toggle.js                                                      9.26 kB
.svelte-kit/output/server/chunks/switch2.js                                                     9.41 kB
.svelte-kit/output/server/chunks/index133.js                                                    9.59 kB
.svelte-kit/output/server/chunks/index134.js                                                    9.62 kB
.svelte-kit/output/server/chunks/index61.js                                                     9.68 kB
.svelte-kit/output/server/chunks/index132.js                                                    9.70 kB
.svelte-kit/output/server/chunks/create15.js                                                    9.71 kB
.svelte-kit/output/server/chunks/contributor.svelte_svelte_type_style_lang.js                  10.06 kB
.svelte-kit/output/server/chunks/index131.js                                                   10.26 kB
.svelte-kit/output/server/chunks/index29.js                                                    10.43 kB
.svelte-kit/output/server/chunks/internal.js                                                   10.50 kB
.svelte-kit/output/server/chunks/LocaleCombobox2.js                                            10.53 kB
.svelte-kit/output/server/chunks/LocaleCombobox3.js                                            10.53 kB
.svelte-kit/output/server/chunks/LocaleCombobox4.js                                            10.53 kB
.svelte-kit/output/server/chunks/LocaleCombobox5.js                                            10.53 kB
.svelte-kit/output/server/chunks/LocaleCombobox.js                                             10.56 kB
.svelte-kit/output/server/chunks/LocaleCombobox6.js                                            10.56 kB
.svelte-kit/output/server/chunks/index127.js                                                   10.62 kB
.svelte-kit/output/server/chunks/index129.js                                                   10.68 kB
.svelte-kit/output/server/chunks/index28.js                                                    10.69 kB
.svelte-kit/output/server/chunks/index26.js                                                    10.98 kB
.svelte-kit/output/server/chunks/dates.js                                                      11.99 kB
.svelte-kit/output/server/chunks/index141.js                                                   12.48 kB
.svelte-kit/output/server/chunks/transitions.js                                                12.94 kB
.svelte-kit/output/server/chunks/index27.js                                                    12.97 kB
.svelte-kit/output/server/chunks/index122.js                                                   13.16 kB
.svelte-kit/output/server/chunks/index143.js                                                   14.22 kB
.svelte-kit/output/server/chunks/checkbox.js                                                   14.89 kB
.svelte-kit/output/server/chunks/create5.js                                                    15.13 kB
.svelte-kit/output/server/chunks/index144.js                                                   15.13 kB
.svelte-kit/output/server/chunks/preview-style-select.js                                       15.97 kB
.svelte-kit/output/server/chunks/index123.js                                                   16.25 kB
.svelte-kit/output/server/chunks/index138.js                                                   16.26 kB
.svelte-kit/output/server/chunks/shared.js                                                     16.95 kB
.svelte-kit/output/server/chunks/index145.js                                                   17.14 kB
.svelte-kit/output/server/chunks/index13.js                                                    17.26 kB
.svelte-kit/output/server/chunks/index9.js                                                     17.36 kB
.svelte-kit/output/server/chunks/index8.js                                                     17.44 kB
.svelte-kit/output/server/chunks/index7.js                                                     17.45 kB
.svelte-kit/output/server/chunks/index10.js                                                    17.50 kB
.svelte-kit/output/server/chunks/index22.js                                                    17.50 kB
.svelte-kit/output/server/chunks/index15.js                                                    17.63 kB
.svelte-kit/output/server/chunks/pagination.js                                                 17.63 kB
.svelte-kit/output/server/chunks/index91.js                                                    17.64 kB
.svelte-kit/output/server/chunks/index14.js                                                    17.89 kB
.svelte-kit/output/server/chunks/index12.js                                                    17.94 kB
.svelte-kit/output/server/chunks/index11.js                                                    18.00 kB
.svelte-kit/output/server/chunks/index92.js                                                    18.04 kB
.svelte-kit/output/server/chunks/index99.js                                                    18.08 kB
.svelte-kit/output/server/chunks/index100.js                                                   18.12 kB
.svelte-kit/output/server/chunks/index98.js                                                    18.22 kB
.svelte-kit/output/server/chunks/index96.js                                                    18.27 kB
.svelte-kit/output/server/chunks/index105.js                                                   18.36 kB
.svelte-kit/output/server/chunks/index97.js                                                    18.38 kB
.svelte-kit/output/server/chunks/index17.js                                                    18.47 kB
.svelte-kit/output/server/chunks/index103.js                                                   18.47 kB
.svelte-kit/output/server/chunks/index142.js                                                   18.48 kB
.svelte-kit/output/server/chunks/index102.js                                                   18.49 kB
.svelte-kit/output/server/chunks/index104.js                                                   18.54 kB
.svelte-kit/output/server/chunks/index19.js                                                    18.57 kB
.svelte-kit/output/server/chunks/installation.js                                               18.62 kB
.svelte-kit/output/server/chunks/index18.js                                                    18.69 kB
.svelte-kit/output/server/chunks/index20.js                                                    18.71 kB
.svelte-kit/output/server/chunks/index21.js                                                    19.15 kB
.svelte-kit/output/server/chunks/index16.js                                                    19.47 kB
.svelte-kit/output/server/chunks/index93.js                                                    19.68 kB
.svelte-kit/output/server/chunks/create6.js                                                    20.06 kB
.svelte-kit/output/server/chunks/preprocessor.js                                               21.17 kB
.svelte-kit/output/server/chunks/index30.js                                                    21.99 kB
.svelte-kit/output/server/chunks/index31.js                                                    22.33 kB
.svelte-kit/output/server/chunks/link-preview.js                                               22.65 kB
.svelte-kit/output/server/chunks/index84.js                                                    24.63 kB
.svelte-kit/output/server/chunks/index85.js                                                    24.98 kB
.svelte-kit/output/server/chunks/create17.js                                                   26.28 kB
.svelte-kit/output/server/chunks/popover.js                                                    27.27 kB
.svelte-kit/output/server/chunks/introduction.js                                               27.73 kB
.svelte-kit/output/server/remote-entry.js                                                      27.81 kB
.svelte-kit/output/server/chunks/index46.js                                                    28.17 kB
.svelte-kit/output/server/chunks/index49.js                                                    28.22 kB
.svelte-kit/output/server/chunks/index50.js                                                    28.27 kB
.svelte-kit/output/server/chunks/index53.js                                                    28.28 kB
.svelte-kit/output/server/chunks/index54.js                                                    28.33 kB
.svelte-kit/output/server/chunks/index48.js                                                    28.45 kB
.svelte-kit/output/server/chunks/index55.js                                                    28.48 kB
.svelte-kit/output/server/chunks/index56.js                                                    28.50 kB
.svelte-kit/output/server/chunks/index47.js                                                    28.68 kB
.svelte-kit/output/server/chunks/index52.js                                                    29.24 kB
.svelte-kit/output/server/chunks/info-popover.js                                               29.34 kB
.svelte-kit/output/server/chunks/index72.js                                                    29.49 kB
.svelte-kit/output/server/chunks/index68.js                                                    29.72 kB
.svelte-kit/output/server/chunks/index71.js                                                    29.92 kB
.svelte-kit/output/server/chunks/index75.js                                                    29.98 kB
.svelte-kit/output/server/chunks/index70.js                                                    30.02 kB
.svelte-kit/output/server/chunks/index76.js                                                    30.03 kB
.svelte-kit/output/server/chunks/index77.js                                                    30.16 kB
.svelte-kit/output/server/chunks/index69.js                                                    30.24 kB
.svelte-kit/output/server/chunks/index74.js                                                    30.29 kB
.svelte-kit/output/server/chunks/index51.js                                                    30.30 kB
.svelte-kit/output/server/chunks/index78.js                                                    30.54 kB
.svelte-kit/output/server/chunks/index57.js                                                    31.31 kB
.svelte-kit/output/server/chunks/dialog.js                                                     31.60 kB
.svelte-kit/output/server/chunks/index73.js                                                    32.52 kB
.svelte-kit/output/server/chunks/index88.js                                                    39.26 kB
.svelte-kit/output/server/chunks/index101.js                                                   39.85 kB
.svelte-kit/output/server/chunks/toast.js                                                      40.52 kB
.svelte-kit/output/server/chunks/context-menu.js                                               40.60 kB
.svelte-kit/output/server/chunks/dropdown-menu.js                                              41.20 kB
.svelte-kit/output/server/chunks/menubar.js                                                    46.84 kB
.svelte-kit/output/server/chunks/accordion.js                                                  48.75 kB
.svelte-kit/output/server/entries/pages/_layout.svelte.js                                      48.77 kB
.svelte-kit/output/server/chunks/tags-input.js                                                 49.96 kB
.svelte-kit/output/server/chunks/usage.js                                                      58.81 kB
.svelte-kit/output/server/entries/pages/_page.svelte.js                                        66.95 kB
.svelte-kit/output/server/chunks/controlled.js                                                 73.02 kB
.svelte-kit/output/server/chunks/date-picker.js                                               129.87 kB
.svelte-kit/output/server/chunks/date-range-picker.js                                         132.87 kB
.svelte-kit/output/server/index.js                                                            144.60 kB
.svelte-kit/output/server/chunks/range-calendar.js                                            147.40 kB
.svelte-kit/output/server/chunks/date-field.js                                                171.41 kB
.svelte-kit/output/server/chunks/calendar.js                                                  181.37 kB
.svelte-kit/output/server/chunks/date-range-field.js                                          184.47 kB
.svelte-kit/output/server/chunks/scroll-area.js                                               487.62 kB
.svelte-kit/output/server/chunks/preview.js                                                   549.57 kB
✓ built in 28.82s

Run npm run preview to preview your production build locally.

> Using @sveltejs/adapter-static
  Wrote site to "build"
  ✔ done
[vite-plugin-pagefind] Running pagefind...
[vite-plugin-pagefind] Pagefind complete.

> @melt-ui/svelte@0.76.2 package
> svelte-kit sync && svelte-package && publint

src/lib -> dist
@melt-ui/svelte lint results:
All good!
